date,open,high,low,close,volume,amount,turnover
2022-01-27,21.43945836,23.82812016,19.77226992,21.1567188,121647180,2633143307.39,63.890500
2022-01-28,18.51456636,19.7917692,17.72484552,17.8418412,68186746,1297597033.1,35.812500
2022-02-07,18.3293232,19.16779224,17.9393376,18.11483112,43995064,829316187.04,23.106700
2022-02-08,17.73459516,18.89480232,17.26661244,18.36832176,42546152,786335866.94,22.345700
2022-02-09,18.1830786,18.83630448,17.95883688,18.74855772,42812675,809517548.32,22.485700
2022-02-10,18.768057,19.14829296,17.81259228,17.87109012,42346779,795719273.74,22.241000
2022-02-11,17.55910164,19.6942728,17.42260668,19.13854332,57872987,1099649422.64,30.395600
2022-02-14,18.64131168,19.00204836,18.2318268,18.31957356,34488316,656382420.92,18.113700
2022-02-15,18.3780714,18.90455196,18.27082536,18.43656924,28471998,541524461.11,14.953800
2022-02-16,18.5730642,19.7917692,18.55356492,19.21654044,48590212,957830307.84,25.520100
2022-02-17,18.95330016,23.0091504,18.93380088,20.59123968,76743797,1634014887.48,40.306700
2022-02-18,20.00626128,20.38649724,19.60652604,20.04525984,45078399,924345765.64,23.675700
2022-02-21,20.00626128,20.4254958,19.67477352,19.86001668,35281018,721144586.84,18.530000
2022-02-22,19.49928,19.49928,18.55356492,18.77780664,38976949,754422495.25,20.471100
2022-02-23,18.6705606,19.33353612,18.6705606,19.02154764,28581592,558567914.45,15.011400
2022-02-24,18.768057,18.9630498,17.55910164,17.9393376,38816424,728639288.93,20.386800
2022-02-25,18.2318268,18.4268196,17.96858652,18.04658364,20574391,384016664.89,10.805900
2022-02-28,17.86134048,18.49506708,17.62734912,18.49506708,23174862,432026960.0,12.171700
2022-03-01,18.61206276,18.70955916,18.2318268,18.59256348,20458319,387762080.0,10.744900
2022-03-02,18.40732032,18.8168052,18.33907284,18.55356492,17025455,324677792.0,8.942000
2022-03-03,18.6705606,19.743021,18.63156204,19.07029584,36531408,719387744.0,19.186700
2022-03-04,18.8168052,19.011798,18.280575,18.38782104,23712090,452779536.0,12.453900
2022-03-07,18.39757068,18.61206276,18.04658364,18.16357932,17275799,323150208.0,9.073400
2022-03-08,18.07583256,18.26107572,17.41285704,17.72484552,19381429,354428352.0,10.179300
2022-03-09,17.85159084,17.90033904,16.39889448,17.26661244,21040823,372781248.0,11.050900
2022-03-10,17.56885128,17.72484552,17.26661244,17.31536064,16049198,288354544.0,8.429200
2022-03-11,17.07161964,17.28611172,16.574388,17.13986712,17377301,300337504.0,9.126800
2022-03-14,16.83762828,17.03262108,16.51589016,16.53538944,13859719,237882238.0,7.279300
2022-03-15,16.43789304,16.44764268,15.3069348,15.355683,16959996,276340352.0,8.907600
2022-03-16,15.599424,15.95041104,15.3069348,15.87241392,14793852,237329204.0,7.769900
2022-03-17,16.0381578,16.40864412,15.87241392,15.92116212,17809096,294841520.0,9.353500
2022-03-18,15.8919132,16.35989592,15.75541824,16.1844024,12457996,205755715.48,6.543100
2022-03-21,16.15515348,16.5256398,16.086906,16.27214916,12845874,214715149.24,6.746800
2022-03-22,16.21365132,16.39889448,15.99915924,16.0381578,11039375,183015437.5,5.798000
2022-03-23,16.01865852,16.19415204,15.82366572,16.07715636,9478489,155823258.52,4.978200
2022-03-24,15.96016068,16.02840816,15.71641968,15.86266428,8968747,145742487.94,4.710500
2022-03-25,15.88216356,16.330647,15.85291464,15.8919132,11758842,193296531.62,6.175900
2022-03-28,15.82366572,15.83341536,15.38493192,15.53117652,9599005,153213806.39,5.041500
2022-03-29,15.6481722,16.26239952,15.26793624,16.06740672,16182286,261287094.98,8.499100
2022-03-30,16.06740672,16.44764268,15.90166284,16.25264988,13495967,224667274.4,7.088200
2022-03-31,16.02840816,16.24290024,15.68717076,15.843165,11530095,188479631.52,6.055700
2022-04-01,15.6969204,15.843165,15.6481722,15.6481722,7616754,122807093.87,4.000400
2022-04-06,15.599424,15.7944168,15.41418084,15.73591896,6381040,102291259.13,3.351400
2022-04-07,15.62867292,15.63842256,15.31668444,15.355683,8071908,128032326.16,4.239500
2022-04-08,15.355683,15.51167724,14.85845136,15.14119092,9111745,142014509.84,4.785600
2022-04-11,14.9169492,15.04369452,13.97123412,14.0882298,12570192,185565504.43,6.602000
2022-04-12,14.0394816,14.380719,13.86398808,14.36121972,7152660,103811263.11,3.756700
2022-04-13,14.22472476,14.70245712,14.01023268,14.32222116,9960659,147129084.34,5.231500
2022-04-14,14.4294672,14.7219564,14.40021828,14.49771468,7839260,116969057.33,4.117300
2022-04-15,14.3319708,14.37096936,13.92248592,14.11747872,7831994,113891812.4,4.113500
2022-04-18,14.01023268,14.45871612,13.7957406,14.45871612,7236926,105468747.35,3.800900
2022-04-19,14.37096936,14.70245712,14.35147008,14.54646288,7090989,105515643.37,3.724300
2022-04-20,14.79995352,14.868201,14.11747872,14.17597656,9261649,137673550.95,4.864300
2022-04-21,14.00048304,14.29297224,13.53250032,13.59099816,8679122,123670008.26,4.558400
2022-04-22,13.4545032,13.9419852,13.38625572,13.76649168,8550975,120417658.02,4.491100
2022-04-25,13.53250032,13.53250032,12.18705,12.32354496,11888742,156608710.83,6.244100
2022-04-26,12.36254352,12.44054064,11.6020716,11.66056944,11214370,138051418.59,5.889900
2022-04-27,11.38757952,12.37229316,11.29008312,12.35279388,12116276,147608766.63,6.363600
2022-04-28,12.09930324,12.31379532,11.76781548,11.93355936,8502656,104989396.78,4.465700
2022-04-29,12.18705,12.56728596,12.0895536,12.46978956,9884078,125656649.68,5.191200
2022-05-05,12.4795392,12.83052624,12.430791,12.60628452,7498888,97342336.49,3.938500
2022-05-06,12.25529748,12.59653488,12.0895536,12.44054064,6118298,77770657.12,3.213400
2022-05-09,12.42104136,12.92802264,12.3820428,12.674532,5825069,75731205.83,3.059400
2022-05-10,12.49903848,12.9670212,12.40154208,12.88902408,7799728,102412865.01,4.096500
2022-05-11,12.94752192,13.51300104,12.84027588,13.04501832,13279290,179619748.28,6.974400
2022-05-12,12.9670212,13.43500392,12.94752192,13.28875932,10065596,136615063.46,5.286600
2022-05-13,13.32775788,13.38625572,13.05476796,13.2595104,6195279,83942625.24,3.253800
2022-05-16,13.2595104,13.42525428,13.19126292,13.27900968,6130806,83618756.46,3.220000
2022-05-17,13.27900968,13.36675644,13.09376652,13.32775788,6081504,82791305.56,3.194100
2022-05-18,13.33750752,13.61049744,13.24001112,13.36675644,6414075,88355345.65,3.368700
2022-05-19,13.09376652,13.38625572,13.05476796,13.33750752,5821017,79137457.15,3.057300
2022-05-20,13.43500392,13.9907334,13.3570068,13.62999672,11796791,165864482.02,6.195800
2022-05-23,13.75674204,14.16622692,13.61049744,14.11747872,11561960,164744023.04,6.072500
2022-05-24,14.07848016,14.2344744,13.17176364,13.17176364,13733793,192745445.19,7.213100
2022-05-25,13.17176364,13.41550464,13.162014,13.37650608,5570500,76070570.75,2.925700
2022-05-26,13.92248592,13.97123412,13.4545032,13.5519996,8549048,119858086.93,4.490100
2022-05-27,13.58124852,13.7957406,13.29850896,13.43500392,6298639,87663401.84,3.308100
2022-05-30,13.53250032,13.66899528,13.3082586,13.6007478,5694300,78994645.44,2.990700
2022-05-31,13.62999672,13.8444888,13.52275068,13.80549024,7994937,112679592.58,4.199000
2022-06-01,13.68849456,13.90298664,13.62024708,13.6982442,7082698,99911208.9,3.719900
2022-06-02,13.70799384,14.21497512,13.63974636,14.06873052,11768372,169193917.13,6.180900
2022-06-06,14.0394816,14.53671324,14.02973196,14.39046864,11749035,173197630.7,6.170700
2022-06-07,14.4294672,14.43921684,14.09797944,14.17597656,8353632,121698729.51,4.387400
2022-06-08,14.32222116,14.32222116,13.75674204,14.01998232,8463501,121671876.21,4.445100
2022-06-09,14.06873052,14.06873052,13.65924564,13.82498952,6524875,92379310.34,3.426900
2022-06-10,13.67717156,15.05671336,13.67717156,14.79065887,18546792,273533915.41,9.741000
2022-06-13,14.79065887,15.05671336,14.64285082,14.86948983,15846425,238969254.43,8.322700
2022-06-14,14.6822663,14.86948983,14.3866502,14.74138952,11358234,168643233.41,5.965500
2022-06-15,14.780805,15.00744401,14.43591955,14.45562729,10319746,153772019.67,5.420000
2022-06-16,14.49504277,14.64285082,14.29796537,14.50489664,6306280,92612146.07,3.312100
2022-06-17,14.33738085,14.99759014,14.26840376,14.8793437,13094025,195920595.65,6.877100
2022-06-20,14.89905144,15.04685949,14.71182791,14.80051274,11190176,168870998.67,5.877200
2022-06-21,14.780805,14.780805,14.2881115,14.47533503,9238053,136038109.8,4.851900
2022-06-22,14.46548116,14.56401986,14.11074184,14.16001119,7026959,102445122.56,3.690600
2022-06-23,14.19942667,14.83007435,14.15015732,14.69212017,10780780,159041662.97,5.662200
2022-06-24,14.83007435,15.3720372,14.77095113,15.28335237,20374845,313851891.94,10.701100
2022-06-27,15.29320624,15.35232946,15.03700562,15.14539819,12502016,192640868.74,6.566200
2022-06-28,15.08627497,15.64794556,15.08627497,15.57896847,14738105,230602123.79,7.740600
2022-06-29,15.44101429,15.46072203,14.90890531,14.94832079,13336536,205757836.75,7.004500
2022-06-30,14.98773627,15.21437528,14.83007435,14.98773627,8331543,127106713.01,4.375800
2022-07-01,15.05671336,15.10598271,14.83992822,14.90890531,5860712,88747010.52,3.078100
2022-07-04,14.91875918,14.95817466,14.63299695,14.90890531,6471862,97392887.41,3.399100
2022-07-05,14.92861305,15.0764211,14.44577342,14.67241243,8419273,126008475.28,4.421900
2022-07-06,14.66255856,14.73153565,14.19942667,14.33738085,7186617,105313529.81,3.774500
2022-07-07,14.4851889,15.12569045,14.3866502,14.90890531,12155684,183395792.56,6.384300
2022-07-08,14.89905144,15.03700562,14.53445825,14.55416599,7849375,117303839.93,4.122600
2022-07-11,14.43591955,14.47533503,13.91366444,14.07132636,8090917,116135713.22,4.249400
2022-07-12,14.04176475,14.13044958,13.64760995,13.64760995,6275727,88469285.11,3.296100
2022-07-13,13.65746382,13.82497961,13.60819447,13.73629478,3827837,53300350.38,2.010400
2022-07-14,13.64760995,14.66255856,13.64760995,14.37679633,12045219,175091449.24,6.326300
2022-07-15,14.2881115,14.83992822,14.2881115,14.52460438,10913048,162395130.25,5.731700
2022-07-18,14.51475051,15.12569045,14.51475051,14.9778824,11450246,173424344.08,6.013800
2022-07-19,15.04685949,15.32276785,14.88919757,15.00744401,11662705,179041748.96,6.125400
2022-07-20,15.03700562,15.15525206,14.83992822,15.05671336,7727781,117517779.17,4.058700
2022-07-21,15.05671336,15.3720372,14.90890531,14.91875918,8037147,123214687.65,4.221200
2022-07-22,14.90890531,15.09612884,14.61328921,14.75124339,6849952,103039193.7,3.597700
2022-07-25,14.6822663,15.1749598,14.57387373,14.61328921,6047489,91069735.5,3.176200
2022-07-26,14.62314308,14.6822663,14.2881115,14.4851889,4542235,66841095.9,2.385600
2022-07-27,14.13044958,14.52460438,13.74614865,14.4851889,13965768,201475151.33,6.875300
2022-07-28,14.5837276,15.05671336,14.56401986,14.91875918,11886215,179451957.78,5.851500
2022-07-29,14.91875918,14.99759014,14.64285082,14.67241243,8485992,127476185.27,4.177600
2022-08-01,14.86948983,15.5691146,14.83007435,15.28335237,19786367,306914371.3,9.740800
2022-08-02,15.03700562,15.10598271,14.33738085,14.53445825,17183079,256043593.84,8.459200
2022-08-03,14.780805,15.50999138,14.77095113,14.93846692,21414650,329684508.65,10.542400
2022-08-04,15.0764211,16.24903163,15.0764211,15.84502296,32328712,518179079.25,15.915300
2022-08-05,15.6676533,15.94356166,15.50999138,15.80560748,21049544,335639574.67,10.362600
2022-08-08,15.65779943,15.83516909,15.43116042,15.71692265,14245790,225890256.99,7.013100
2022-08-09,15.98297714,16.60377095,15.64794556,16.38698581,32028876,526584063.76,15.767700
2022-08-10,16.18005454,16.24903163,15.92385392,16.13078519,17106740,278961203.54,8.421600
2022-08-11,16.13078519,16.13078519,15.8647307,15.98297714,14648688,237293809.9,7.211500
2022-08-12,16.18990841,16.43625516,15.68736104,15.68736104,15855583,258459906.69,7.805600
2022-08-15,15.4705759,15.81546135,15.40159881,15.60853008,12219565,193209670.6,6.015600
2022-08-16,15.5691146,16.14063906,15.51984525,15.766192,11626960,186768503.11,5.723900
2022-08-17,15.766192,15.82531522,15.42130655,15.61838395,8914147,140915150.09,4.388400
2022-08-18,15.60853008,16.0618081,15.43116042,16.02239262,13504844,216518079.22,6.648400
2022-08-19,16.05195423,16.27859324,15.53955299,15.55926073,14820152,238661378.68,7.295900
2022-08-22,15.4705759,15.50999138,15.15525206,15.45086816,7903786,123022545.39,3.891000
2022-08-23,15.3720372,15.60853008,15.11583658,15.57896847,11086770,172275189.78,5.458000
2022-08-24,15.51984525,15.57896847,14.92861305,14.92861305,9214630,141885594.94,4.536300
2022-08-25,15.01729788,15.01729788,14.5837276,14.67241243,6711535,100542969.89,3.304100
2022-08-26,14.71182791,14.89905144,14.54431212,14.59358147,5002157,74816079.14,2.462500
2022-08-29,14.3866502,14.70197404,14.29796537,14.62314308,3698996,54587045.86,1.821000
2022-08-30,14.71182791,14.71182791,14.39650407,14.4851889,3778535,55694839.59,1.860200
2022-08-31,14.51475051,14.51475051,13.97278766,14.17971893,5930993,85170370.27,2.919800
2022-09-01,14.05161862,14.25854989,13.9924954,14.08118023,2905565,41661687.3,1.430400
2022-09-02,14.17971893,14.24869602,14.06147249,14.16986506,2681105,38532749.92,1.319900
2022-09-05,14.16986506,14.16986506,13.82497961,13.9924954,3461638,49166050.28,1.704200
2022-09-06,14.07132636,14.25854989,13.9924954,14.21913441,2990356,42907894.18,1.472100
2022-09-07,14.17971893,14.42606568,14.13044958,14.39650407,4354264,63365100.65,2.143600
2022-09-08,14.39650407,14.65270469,14.31767311,14.31767311,3957494,58029319.77,1.948300
2022-09-09,14.44577342,14.49504277,14.23884215,14.41621181,2292200,33415692.0,1.128400
2022-09-13,14.42606568,14.57387373,14.2881115,14.31767311,2497010,36436244.89,1.229300
2022-09-14,13.97278766,14.15015732,13.91366444,13.9924954,3096531,44018111.83,1.524400
2022-09-15,14.02205701,14.0910341,13.29287063,13.43082481,5734547,79470575.85,2.823100
2022-09-16,13.43082481,13.48009416,12.93813131,12.93813131,3790953,50803331.79,1.866300
2022-09-19,12.93813131,13.1056471,12.66222295,12.73120004,3201351,41694660.75,1.576000
2022-09-20,13.1056471,13.2041858,12.89871583,13.09579323,3155334,41738126.56,1.553400
2022-09-21,13.02681614,13.18447806,12.82973874,13.15491645,2649508,35106277.85,1.304300
2022-09-22,13.06623162,13.3027245,13.0071084,13.06623162,2393560,31974949.14,1.178300
2022-09-23,13.15491645,13.15491645,12.66222295,12.7114923,3198715,41680624.03,1.574700
2022-09-26,12.6129536,12.72134617,12.3173375,12.35675298,2735434,34770634.86,1.346600
2022-09-27,12.36660685,12.58339199,12.3173375,12.58339199,3019516,38177800.32,1.486500
2022-09-28,12.56368425,12.58339199,12.11040623,12.11040623,3297231,41174277.24,1.623200
2022-09-29,12.26806815,12.26806815,11.9231827,12.0217214,2605641,32057118.5,1.282700
2022-09-30,12.08084462,12.11040623,11.88376722,11.90347496,2211023,26879468.5,1.088500
2022-10-10,11.95274431,12.03157527,11.7261053,11.80493626,2642022,31880928.4,1.300700
2022-10-11,11.89362109,12.04142914,11.79508239,12.03157527,2963395,35915084.51,1.458900
2022-10-12,12.04142914,12.44543781,11.93303657,12.4158762,3657136,45221955.12,1.800400
2022-10-13,12.26806815,12.53412264,12.22865267,12.42573007,3413771,43045921.86,1.680600
2022-10-14,12.47499942,13.35199385,12.47499942,13.01696227,6812416,89247154.46,3.353700
2022-10-17,12.810031,13.13520871,12.78046939,13.03667001,4455034,58772939.07,2.193200
2022-10-18,13.06623162,13.18447806,12.96769292,13.01696227,2821307,37392418.92,1.388900
2022-10-19,13.05637775,13.16477032,12.92827744,12.92827744,3239688,42887137.7,1.594900
2022-10-20,12.9085697,13.11550097,12.7114923,12.89871583,4243960,55567308.41,2.089300
2022-10-21,12.98740066,12.98740066,12.79032326,12.81988487,2232195,29183316.25,1.098900
2022-10-24,12.86915422,13.21403967,12.73120004,12.81988487,4078837,53853559.4,2.008000
2022-10-25,12.83959261,12.88886196,12.54397651,12.80017713,3332766,43035376.12,1.640700
2022-10-26,12.92827744,13.15491645,12.79032326,13.11550097,4057712,53715907.97,1.997600
2022-10-27,12.810031,12.86915422,12.62280747,12.65236908,6961543,89937309.84,3.427100
2022-10-28,12.67207682,12.67207682,11.824644,11.88376722,5573054,68836521.61,2.743600
2022-10-31,11.9231827,12.20894493,11.87391335,12.0217214,3540880,43150561.68,1.743200
2022-11-01,12.03157527,12.35675298,12.03157527,12.33704524,3672293,45638280.46,1.807900
2022-11-02,12.32719137,12.5144149,12.27792202,12.44543781,3382971,42652910.9,1.665400
2022-11-03,12.4158762,12.46514555,12.2187988,12.37646072,2963844,37200868.42,1.459100
2022-11-04,12.42573007,12.7114923,12.4158762,12.63266134,4624413,59096549.75,2.276600
2022-11-07,12.76076165,13.13520871,12.76076165,12.83959261,6491367,85172044.61,3.195700
2022-11-08,12.810031,12.99725453,12.7114923,12.88886196,3925484,51252572.84,1.932500
2022-11-09,12.9085697,12.99725453,12.81988487,12.81988487,3296868,43137083.09,1.623000
2022-11-10,12.72134617,12.83959261,12.63266134,12.65236908,3577932,46212275.19,1.761400
2022-11-11,12.9085697,12.98740066,12.77061552,12.80017713,4236254,55290982.92,2.085500
2022-11-14,12.79032326,12.87900809,12.67207682,12.72134617,3496858,45302736.18,1.721500
2022-11-15,12.67207682,12.87900809,12.63266134,12.87900809,3630156,47247655.38,1.787100
2022-11-16,12.86915422,12.95783905,12.80017713,12.810031,2999715,39176035.35,1.476700
2022-11-17,12.810031,12.810031,12.66222295,12.78046939,3142334,40546322.43,1.547000
2022-11-18,12.77061552,12.88886196,12.70163843,12.72134617,3201934,41619410.94,1.576300
2022-11-21,12.72134617,13.01696227,12.48485329,13.01696227,5502279,71220292.79,2.708800
2022-11-22,13.2041858,13.91366444,13.15491645,13.47024029,17628707,241959476.28,8.678500
2022-11-23,13.46038642,14.54431212,13.36184772,14.16001119,23423733,334795126.77,11.531400
2022-11-24,13.90381057,14.4851889,13.56877899,14.08118023,21618008,306155447.72,10.642500
2022-11-25,13.80527187,13.95307992,13.50965577,13.54907125,11965229,166345515.41,5.890400
2022-11-28,13.54907125,14.36694246,13.52936351,14.32752698,19454194,278338182.43,9.577200
2022-11-29,14.10088797,14.61328921,14.03191088,14.22898828,17090450,248061142.39,8.413600
2022-11-30,14.11074184,14.45562729,13.87424896,13.91366444,12662995,180719734.63,6.233900
2022-12-01,13.92351831,14.13044958,13.78556413,13.86439509,9041856,127935499.58,4.451300
2022-12-02,13.85454122,14.06147249,13.82497961,13.8939567,6897551,97411059.63,3.395600
2022-12-05,13.8939567,13.8939567,13.5983406,13.88410283,7952093,110860496.96,3.914800
2022-12-06,13.84468735,13.84468735,13.63775608,13.67717156,5420000,75509879.0,2.668200
2022-12-07,13.63775608,14.14030345,13.62790221,13.96293379,10739807,152161121.24,5.287200
2022-12-08,13.82497961,13.88410283,13.60819447,13.61804834,6414708,89208446.23,3.157900
2022-12-09,13.60819447,13.74614865,13.47024029,13.50965577,5687748,78279575.41,2.800100
2022-12-12,13.46038642,13.64760995,13.27316289,13.56877899,4584128,62702456.06,2.256700
2022-12-13,13.56877899,13.62790221,13.32243224,13.32243224,3861259,52585853.19,1.900900
2022-12-14,13.4012632,13.65746382,13.32243224,13.35199385,3955416,54125478.76,1.947200
2022-12-15,13.3027245,13.46038642,13.15491645,13.44067868,3338003,45285613.83,1.643300
2022-12-16,13.32243224,13.34213998,13.05637775,13.17462419,3834209,51213207.01,1.887600
2022-12-19,13.17462419,13.2041858,12.7114923,12.75090778,4041740,53000000.38,1.989700
2022-12-20,12.76076165,12.92827744,12.7114923,12.78046939,2482806,32288530.3,1.222300
2022-12-21,12.72134617,12.84944648,12.50456103,12.6129536,2636262,33823160.66,1.297800
2022-12-22,12.66222295,12.7114923,12.25821428,12.29762976,3264802,41302528.65,1.607200
2022-12-23,12.2187988,12.37646072,12.15967558,12.27792202,2161030,26914389.18,1.063900
2022-12-26,12.32719137,12.53412264,12.28777589,12.46514555,2487134,31396540.45,1.224400
2022-12-27,12.50456103,12.65236908,12.40602233,12.52426877,2302091,29206007.8,1.133300
2022-12-28,12.46514555,12.46514555,12.26806815,12.29762976,2223964,27861406.33,1.094800
2022-12-29,12.23850654,12.39616846,12.17938332,12.19909106,2234921,27839324.61,1.100200
2022-12-30,12.29762976,12.29762976,12.13996784,12.20894493,1811523,22438925.66,0.891800
2023-01-03,12.18923719,12.45529168,12.17938332,12.43558394,2579829,32342443.4,1.270000
2023-01-04,12.43558394,12.5144149,12.38631459,12.43558394,2188454,27623978.14,1.077400
2023-01-05,12.46514555,12.72134617,12.42573007,12.62280747,3491027,44640756.74,1.718600
2023-01-06,12.6129536,12.7114923,12.56368425,12.56368425,2785330,35725390.27,1.371200
2023-01-09,12.72134617,12.83959261,12.6129536,12.68193069,3137056,40540524.71,1.544400
2023-01-10,12.68193069,12.68193069,12.53412264,12.62280747,2220348,28384796.32,1.093100
2023-01-11,12.62280747,12.67207682,12.39616846,12.40602233,2533754,32193598.52,1.247400
2023-01-12,12.42573007,12.57353812,12.42573007,12.48485329,1603997,20349388.93,0.789600
2023-01-13,12.56368425,12.63266134,12.48485329,12.53412264,1860194,23696184.89,0.915800
2023-01-16,12.58339199,12.70163843,12.53412264,12.70163843,2747647,35284760.9,1.352700
2023-01-17,12.75090778,12.76076165,12.57353812,12.64251521,1981482,25440414.6,0.975500
2023-01-18,12.64251521,12.73120004,12.63266134,12.66222295,1625104,20917637.48,0.800000
2023-01-19,12.54397651,12.88886196,12.5144149,12.84944648,3461033,44826903.33,1.703900
2023-01-20,12.84944648,12.95783905,12.82973874,12.9085697,3041263,39778698.16,1.497200
2023-01-30,13.19433193,13.19433193,13.0071084,13.01696227,4579932,60919078.25,1.999800
2023-01-31,13.01696227,13.33228611,12.96769292,13.29287063,5134487,68935006.87,2.242000
2023-02-01,13.4998019,13.55892512,13.36184772,13.46038642,5506624,75236216.64,2.404500
2023-02-02,13.46038642,13.50965577,13.29287063,13.29287063,4181548,56720311.71,1.825900
2023-02-03,13.29287063,13.42097094,13.13520871,13.4012632,3731000,50330766.0,1.629100
2023-02-06,13.3027245,13.54907125,13.25345515,13.4998019,3997076,54403421.01,1.745300
2023-02-07,13.4998019,13.53921738,13.37170159,13.47024029,3170985,43258110.98,1.384600
2023-02-08,13.47024029,13.51950964,13.36184772,13.39140933,2905285,39570217.72,1.268600
2023-02-09,13.38155546,13.64760995,13.31257837,13.61804834,4896467,67237249.14,2.138100
2023-02-10,13.61804834,13.70673317,13.43082481,13.4998019,3937605,54147042.15,1.719400
2023-02-13,13.50965577,13.52936351,13.43082481,13.51950964,2804115,38401331.15,1.224400
2023-02-14,13.55892512,13.72644091,13.50965577,13.58848673,4815044,66542906.11,2.102500
2023-02-15,13.57863286,13.62790221,13.47024029,13.56877899,3469711,47727005.01,1.515100
2023-02-16,13.56877899,13.5983406,12.97754679,13.11550097,6805317,92014293.02,2.971600
2023-02-17,13.18447806,13.44067868,13.09579323,13.11550097,3666611,49209781.78,1.601000
2023-02-20,13.08593936,13.27316289,13.0071084,13.27316289,3186950,42507510.0,1.391600
2023-02-21,13.26330902,13.42097094,13.19433193,13.33228611,3342682,45244706.66,1.459600
2023-02-22,13.3027245,13.3027245,13.2041858,13.22389354,2322300,31192412.0,1.014000
2023-02-23,13.22389354,13.28301676,13.1056471,13.2041858,2438882,32650358.94,1.064900
2023-02-24,13.19433193,13.23374741,13.02681614,13.06623162,2763268,36747229.02,1.206600
2023-02-27,13.0071084,13.1056471,12.88886196,12.93813131,2963678,39009967.82,1.294100
2023-02-28,12.93813131,13.03667001,12.86915422,12.99725453,2357935,30990302.4,1.029600
2023-03-01,12.98740066,13.07608549,12.93813131,13.05637775,2829294,37353309.6,1.235400
2023-03-02,13.09579323,13.09579323,12.97754679,13.0071084,2675198,35368354.6,1.168100
2023-03-03,13.0071084,13.12535484,12.92827744,13.12535484,2989300,39549986.42,1.305300
2023-03-06,13.16477032,13.64760995,13.1056471,13.58848673,10419205,142158686.07,4.549600
2023-03-07,13.45053255,13.67717156,13.25345515,13.31257837,6623412,90509007.82,2.892100
2023-03-08,13.26330902,13.77571026,13.19433193,13.77571026,12076773,167100051.77,5.273300
2023-03-09,13.77571026,13.88410283,13.61804834,13.72644091,7589942,105573333.65,3.314200
2023-03-10,13.63775608,13.76585639,13.46038642,13.4998019,6266564,86245477.21,2.736300
2023-03-13,13.38155546,13.52936351,13.3027245,13.47024029,4305378,58558995.38,1.880000
2023-03-14,13.39140933,13.48994803,13.11550097,13.42097094,4474586,60514345.46,1.953800
2023-03-15,13.43082481,13.67717156,13.43082481,13.57863286,4632519,63762503.32,2.022800
2023-03-16,13.45053255,13.54907125,13.2041858,13.2041858,4443863,60198387.72,1.940400
2023-03-17,13.25345515,13.38155546,13.21403967,13.23374741,3451690,46594407.88,1.507200
2023-03-20,13.2041858,13.34213998,13.06623162,13.24360128,3356074,45004497.68,1.465400
2023-03-21,13.23374741,13.39140933,13.2041858,13.39140933,3355684,45352239.31,1.465300
2023-03-22,13.41111707,13.4998019,13.36184772,13.44067868,4415136,60161692.39,1.927900
2023-03-23,13.4012632,13.71658704,13.38155546,13.67717156,7610127,104919647.54,3.323000
2023-03-24,13.70673317,13.72644091,13.54907125,13.64760995,5567608,77013487.74,2.431100
2023-03-27,13.64760995,13.73629478,13.46038642,13.56877899,4821311,66316921.84,2.105200
2023-03-28,13.60819447,13.71658704,13.42097094,13.66731769,5992870,82599890.82,2.616800
2023-03-29,13.60819447,13.65746382,13.35199385,13.41111707,5507154,75315775.95,2.404700
2023-03-30,13.41111707,13.42097094,13.2041858,13.28301676,3790792,51105013.36,1.655300
2023-03-31,13.29287063,13.41111707,13.24360128,13.31257837,4120267,55640803.84,1.799100
2023-04-03,13.37170159,13.46038642,13.22389354,13.42097094,4292905,58083574.68,1.874500
2023-04-04,13.38155546,13.4012632,13.15491645,13.24360128,4537573,60970735.3,1.981300
2023-04-06,13.15491645,13.52936351,13.06623162,13.37170159,6466695,87211030.08,2.823700
2023-04-07,13.37170159,13.4012632,13.25345515,13.32243224,3269210,44171375.4,1.427500
2023-04-10,13.33228611,13.39140933,13.08593936,13.09579323,4284459,57385406.37,1.870800
2023-04-11,13.15491645,13.2041858,13.03667001,13.2041858,2407601,32069364.36,1.051300
2023-04-12,13.2041858,13.33228611,13.16477032,13.27316289,3042246,40937427.13,1.328400
2023-04-13,13.24360128,13.27316289,12.95783905,12.97754679,4830725,63969514.0,2.109300
2023-04-14,13.04652388,13.05637775,12.9085697,13.0071084,3174275,41867903.75,1.386100
2023-04-17,12.96769292,13.11550097,12.96769292,13.07608549,3085725,40922949.06,1.347400
2023-04-18,13.09579323,13.1056471,12.93813131,12.97754679,3064933,40371971.94,1.338300
2023-04-19,12.97754679,13.0071084,12.7114923,12.73120004,3998500,51916846.0,1.746000
2023-04-20,12.77061552,12.77061552,12.5144149,12.64251521,3172168,40554736.18,1.385100
2023-04-21,12.66222295,12.68193069,12.23850654,12.3173375,4984926,62722592.0,2.176700
2023-04-24,12.3173375,12.36660685,12.2187988,12.24836041,2245582,27954321.49,0.980500
2023-04-25,12.30748363,12.3173375,11.99215979,12.11040623,3108473,38205129.07,1.357300
2023-04-26,12.1202601,12.25821428,12.10055236,12.19909106,2049432,25392616.76,0.894900
2023-04-27,12.06113688,12.17938332,11.824644,12.06113688,3349448,40790039.05,1.462500
2023-04-28,12.1202601,12.24836041,12.10055236,12.23850654,1902658,23511203.9,0.830800
2023-05-04,12.2187988,12.30748363,12.16952945,12.20894493,2041810,25368498.68,0.891600
2023-05-05,12.25821428,12.25821428,11.9231827,11.97245205,3044349,37120902.38,1.329300
2023-05-08,11.99215979,12.18923719,11.97245205,12.16952945,2142835,26294281.8,0.935700
2023-05-09,12.15967558,12.22865267,12.03157527,12.07099075,1928490,23724536.3,0.842100
2023-05-10,12.10055236,12.59324586,12.00201366,12.49470716,5389753,67933856.86,2.353400
2023-05-11,12.35675298,12.59324586,12.3173375,12.45529168,3269698,41312202.36,1.427700
2023-05-12,12.4158762,12.45529168,12.19909106,12.22865267,2382938,29710373.2,1.040500
2023-05-15,12.18923719,12.52426877,12.16952945,12.49470716,3222442,40500965.82,1.407100
2023-05-16,12.48485329,12.56368425,12.29762976,12.35675298,2201300,27639728.0,0.961200
2023-05-17,12.26806815,12.44543781,12.25821428,12.4158762,1923000,24153122.0,0.839700
2023-05-18,12.44543781,12.45529168,12.35675298,12.42573007,1975718,24890212.44,0.862700
2023-05-19,12.42573007,12.49470716,12.34689911,12.47499942,1889450,23813666.0,0.825000
2023-05-22,12.47499942,12.48485329,12.36660685,12.42573007,1491425,18801972.75,0.651200
2023-05-23,12.42573007,12.42573007,12.30748363,12.30748363,1656300,20798813.0,0.723200
2023-05-24,12.29762976,12.43558394,12.22865267,12.29762976,1408060,17621661.6,0.614800
2023-05-25,12.28777589,12.56368425,12.23850654,12.44543781,2764708,34866097.38,1.207200
2023-05-26,12.46514555,12.52426877,12.3173375,12.46514555,1998552,25182533.96,0.872700
2023-05-29,12.54397651,12.79032326,12.47499942,12.6129536,4132256,52965510.56,1.804400
2023-05-30,12.54397651,12.6129536,12.39616846,12.55383038,2360500,29936693.0,1.030700
2023-05-31,12.46514555,12.66222295,12.43558394,12.64251521,2333069,29687313.89,1.018700
2023-06-01,12.6129536,13.09579323,12.6129536,12.80017713,6261057,81885339.12,2.733900
2023-06-02,12.88886196,12.97754679,12.77061552,12.92827744,3261520,42651940.79,1.424100
2023-06-05,12.95783905,13.44067868,12.85930035,13.06623162,6613125,88388422.16,2.887600
2023-06-06,13.05637775,13.11550097,12.75090778,12.77061552,3743320,49030993.98,1.634500
2023-06-07,12.73120004,12.810031,12.58339199,12.69178456,2806307,36121034.27,1.225400
2023-06-08,12.69178456,12.73120004,12.37646072,12.39616846,3416057,43332738.41,1.491600
2023-06-09,12.49550014,12.53523146,12.35644052,12.44583599,2122932,26595924.78,0.927000
2023-06-12,12.43590316,12.60476127,12.32664203,12.53523146,2648288,33238360.36,1.156400
2023-06-13,12.50543297,12.67429108,12.48556731,12.63455976,2135839,27068373.08,0.932600
2023-06-14,12.6146941,12.75375372,12.58489561,12.68422391,3094247,39519495.91,1.351100
2023-06-15,12.69415674,12.7140224,12.49550014,12.62462693,2889445,36567187.35,1.261700
2023-06-16,12.64449259,12.69415674,12.57496278,12.62462693,2518208,32033698.34,1.099600
2023-06-19,12.60476127,12.73388806,12.5153658,12.53523146,2467405,31247944.45,1.077400
2023-06-20,12.48556731,12.57496278,12.34650769,12.4160375,2678967,33577134.33,1.169800
2023-06-21,12.56502995,13.49871597,12.54516429,13.00207447,16111971,212810625.61,7.035300
2023-06-26,12.8133507,13.44905182,12.77361938,13.33979069,16087365,213666058.65,7.024600
2023-06-27,13.22059673,13.33979069,13.03187296,13.26032805,8495516,112819664.69,3.709600
2023-06-28,13.18086541,13.56824578,13.08153711,13.43911899,11865115,159935983.35,5.180900
2023-06-29,13.49871597,13.55831295,13.24046239,13.33979069,8596558,115350169.6,3.753700
2023-06-30,13.26032805,14.69065557,13.22059673,14.13441709,28102065,399832354.82,12.270800
2023-07-03,14.13441709,16.18058007,14.02515596,15.51508046,46744369,713121589.13,20.411000
2023-07-04,15.17736424,15.1972299,14.75025255,15.01843896,33541913,504192280.67,14.646100
2023-07-05,14.85951368,16.0911846,14.84958085,15.15749858,37447740,584955687.82,16.351600
2023-07-06,15.00850613,15.6938714,14.58139444,15.36608801,33437840,508944804.21,14.600700
2023-07-07,15.28662537,15.86272951,14.9985733,14.9985733,31320210,485729924.81,13.676000
2023-07-10,14.95884198,15.13763292,14.3032752,14.43240199,26519100,390759685.77,11.579600
2023-07-11,14.58139444,14.68072274,14.22381256,14.43240199,14851843,215363290.88,6.485100
2023-07-12,14.39267067,14.39267067,14.0052903,14.05495445,15012256,214327421.24,6.555100
2023-07-13,14.1046186,14.23374539,14.03508879,14.14434992,9297970,132299615.6,4.060000
2023-07-14,14.08475294,14.29334237,14.0052903,14.09468577,10021881,142640621.2,4.376100
2023-07-17,14.0052903,14.2039469,14.0052903,14.14434992,7838859,111418454.39,3.422900
2023-07-18,14.1046186,14.1046186,13.71723823,14.0052903,8547385,119744400.34,3.732200
2023-07-19,13.99535747,14.03508879,13.8066337,13.87616351,6101651,85311390.76,2.664300
2023-07-20,13.89602917,13.95562615,13.68743974,13.74703672,6531826,90783540.76,2.852100
2023-07-21,13.7073054,13.82649936,13.5086488,13.52851446,6105470,83798460.05,2.666000
2023-07-24,13.5086488,13.65764125,13.45898465,13.55831295,3368074,46035877.62,1.470700
2023-07-25,13.67750691,13.75696955,13.56824578,13.65764125,4429805,60841992.19,1.934300
2023-07-26,13.67750691,13.72717106,13.48878314,13.62784276,4147777,56773588.96,1.811100
2023-07-27,13.64770842,13.75696955,13.41925333,13.48878314,5321169,72790340.79,2.323500
2023-07-28,13.44905182,13.57817861,13.3099922,13.51858163,4296252,58217710.52,1.876000
2023-07-31,13.51858163,13.73710389,13.51858163,13.6079771,4603991,63194713.55,2.010300
2023-08-01,13.59804427,13.82649936,13.51858163,13.78676804,6611155,91294299.21,2.886800
2023-08-02,13.78676804,14.43240199,13.68743974,14.25361105,19870239,282737029.14,8.676400
2023-08-03,14.02515596,14.06488728,13.71723823,13.83643219,11868164,165747084.13,5.182300
2023-08-04,13.69737257,13.78676804,13.5086488,13.54838012,9696872,132830780.34,4.234200
2023-08-07,13.44905182,13.58811144,13.37952201,13.48878314,4664900,63180917.2,2.036900
2023-08-08,13.51858163,13.55831295,13.26032805,13.27026088,5400530,72588850.75,2.358100
2023-08-09,13.17093258,13.33979069,13.12126843,13.2106639,3520100,46784929.36,1.537100
2023-08-10,13.22059673,13.33979069,13.2106639,13.3099922,2615016,34976705.4,1.141900
2023-08-11,13.26032805,13.34972352,13.0120073,13.04180579,3853183,51011091.54,1.682500
2023-08-14,12.96234315,13.08153711,12.80341787,13.00207447,3964553,51571595.71,1.731100
2023-08-15,12.96234315,13.03187296,12.74382089,12.84314919,3504533,45314027.9,1.530300
2023-08-16,12.77361938,12.88288051,12.74382089,12.76368655,2483299,32008075.17,1.084300
2023-08-17,12.72395523,12.95241032,12.6146941,12.92261183,2910589,37562506.64,1.270900
2023-08-18,12.7140224,13.03187296,12.65442542,12.85308202,5796900,75067726.21,2.531200
2023-08-21,12.78355221,12.98220881,12.7140224,12.7140224,2954711,38179754.8,1.290200
2023-08-22,12.7140224,12.8133507,12.4160375,12.65442542,4075511,51611691.78,1.779600
2023-08-23,12.60476127,12.84314919,12.48556731,12.50543297,2960200,37613987.0,1.292600
2023-08-24,12.50543297,12.63455976,12.33657486,12.4160375,2363406,29672111.9,1.032000
2023-08-25,12.35644052,12.45576882,12.1180526,12.16771675,3237030,39996449.96,1.413500
2023-08-28,12.8133507,12.912679,12.12798543,12.14785109,5629776,70733378.57,2.458300
2023-08-29,12.12798543,12.5153658,12.09818694,12.46570165,4348725,54301536.53,1.898900
2023-08-30,12.5153658,12.69415674,12.44583599,12.50543297,3791583,47990722.91,1.655600
2023-08-31,12.44583599,12.53523146,12.39617184,12.47563448,2209356,27709544.44,0.964700
2023-09-01,12.52529863,12.64449259,12.44583599,12.59482844,2631249,33265798.54,1.148900
2023-09-04,12.84314919,12.92261183,12.66435825,12.84314919,5681101,73157456.54,2.480700
2023-09-05,12.74382089,12.86301485,12.73388806,12.80341787,3729842,48080727.64,1.628600
2023-09-06,12.7140224,12.92261183,12.68422391,12.90274617,3482700,44998388.78,1.520700
2023-09-07,12.82328353,12.86301485,12.49550014,12.52529863,4044500,51428392.0,1.766000
2023-09-08,12.46570165,12.62462693,12.44583599,12.55509712,2002800,25312315.0,0.874500
2023-09-11,12.55509712,12.72395523,12.47563448,12.67429108,3294600,41937269.0,1.438600
2023-09-12,12.68422391,12.75375372,12.56502995,12.7140224,2385400,30437893.0,1.041600
2023-09-13,12.72395523,12.72395523,12.4160375,12.50543297,2780708,35040784.32,1.214200
2023-09-14,12.53523146,12.54516429,12.35644052,12.43590316,1976052,24731897.52,0.862800
2023-09-15,12.46570165,12.69415674,12.36637335,12.59482844,3550850,44866583.85,1.550500
2023-09-18,12.57496278,12.68422391,12.4160375,12.60476127,2394800,30377463.41,1.045700
2023-09-19,12.63455976,12.64449259,12.36637335,12.39617184,2693100,33715194.0,1.175900
2023-09-20,12.3167092,12.43590316,12.23724656,12.24717939,1740769,21600447.23,0.760100
2023-09-21,12.2173809,12.3167092,12.15778392,12.2173809,1888216,23248526.94,0.824500
2023-09-22,12.16771675,12.42597033,12.14785109,12.4160375,2256219,27959451.16,0.985200
2023-09-25,12.44583599,12.44583599,12.20744807,12.22731373,2101892,25992927.88,0.917800
2023-09-26,12.28691071,12.28691071,12.17764958,12.19751524,1742452,21460124.64,0.760800
2023-09-27,12.18758241,12.38623901,12.18758241,12.28691071,1859640,23036885.0,0.812000
2023-09-28,12.33657486,12.4160375,12.30677637,12.40610467,2130000,26533898.0,0.930100
2023-10-09,12.3167092,12.40610467,12.23724656,12.3167092,2101456,26032784.6,0.917600
2023-10-10,12.36637335,12.55509712,12.36637335,12.43590316,3038970,38155763.36,1.327000
2023-10-11,12.48556731,12.54516429,12.32664203,12.50543297,2898152,36358777.72,1.265500
2023-10-12,12.50543297,12.68422391,12.49550014,12.67429108,3648802,46345787.32,1.593300
2023-10-13,12.63455976,12.70408957,12.56502995,12.68422391,2877100,36686125.1,1.256300
2023-10-16,12.72395523,12.74382089,12.45576882,12.47563448,3425700,43252314.0,1.495800
2023-10-17,12.5153658,12.52529863,12.40610467,12.43590316,1734500,21760741.0,0.757400
2023-10-18,12.44583599,12.44583599,12.14785109,12.14785109,3057600,37724497.0,1.335100
2023-10-19,12.08825411,12.18758241,11.70087374,11.73067223,5368348,64453210.63,2.344100
2023-10-20,11.69094091,11.89953034,11.6214111,11.66114242,2260340,26737006.35,0.987000
2023-10-23,11.63134393,11.65120959,11.24396356,11.27376205,2786620,31969274.18,1.216800
2023-10-24,11.3234262,11.70087374,11.24396356,11.68100808,3381429,39332849.45,1.476500
2023-10-25,11.6214111,11.80020204,11.50221714,11.51214997,3498700,40976468.0,1.527700
2023-10-26,11.45255299,11.56181412,11.25389639,11.54194846,4180900,47858876.0,1.825600
2023-10-27,11.49228431,11.77040355,11.45255299,11.73067223,3262030,38299224.64,1.424400
2023-10-30,11.65120959,11.92932883,11.65120959,11.88959751,2494850,29732084.5,1.089400
2023-10-31,11.88959751,12.03858996,11.8200677,11.88959751,1931130,23141030.2,0.843200
2023-11-01,11.84986619,12.02865713,11.84986619,11.97899298,1759735,21180285.86,0.768400
2023-11-02,11.97899298,12.05845562,11.83000053,11.83993336,1779000,21365274.0,0.776800
2023-11-03,11.86973185,12.03858996,11.85979902,11.98892581,2192700,26479928.0,0.957400
2023-11-06,12.04852279,12.25711222,12.00879147,12.20744807,2931168,35947952.72,1.279900
2023-11-07,12.20744807,12.27697788,12.13791826,12.2173809,3337974,41049059.42,1.457500
2023-11-08,12.24717939,12.29684354,12.09818694,12.16771675,2634696,32277084.8,1.150400
2023-11-09,12.16771675,12.23724656,12.05845562,12.08825411,2686948,32831315.2,1.173300
2023-11-10,12.1180526,12.14785109,12.0187243,12.06838845,2164374,26339870.8,0.945100
2023-11-13,12.1180526,12.27697788,12.07832128,12.18758241,2047033,25025176.93,0.893800
2023-11-14,12.20744807,12.2173809,12.08825411,12.13791826,2277412,27854686.42,0.994400
2023-11-15,12.22731373,12.30677637,12.19751524,12.22731373,2573198,31732587.22,1.123600
2023-11-16,12.2173809,12.23724656,12.07832128,12.08825411,1849670,22614810.0,0.807700
2023-11-17,12.06838845,12.54516429,12.06838845,12.40610467,8926531,111182513.55,3.897800
2023-11-20,12.42597033,12.54516429,12.30677637,12.45576882,6312152,78926860.56,2.756200
2023-11-21,12.5153658,12.6146941,12.24717939,12.26704505,4219500,52485299.2,1.842500
2023-11-22,12.22731373,12.29684354,12.06838845,12.06838845,2834100,34667923.0,1.237500
2023-11-23,12.03858996,12.23724656,12.00879147,12.2173809,2856700,34923940.0,1.247400
2023-11-24,12.23724656,12.23724656,12.0187243,12.03858996,2812308,34202556.12,1.228000
2023-11-27,11.98892581,12.10811977,11.90946317,12.02865713,2178784,26307171.64,0.951400
2023-11-28,12.06838845,12.19751524,11.99885864,12.18758241,2287274,27968848.54,0.998700
2023-11-29,12.15778392,12.29684354,12.13791826,12.18758241,2340000,28805554.0,1.021800
2023-11-30,12.19751524,12.2173809,11.85979902,11.92932883,2664100,32171381.54,1.163300
2023-12-01,11.94919449,12.04852279,11.86973185,12.0187243,2331900,28055392.0,1.018200
2023-12-04,11.99885864,12.08825411,11.919396,11.97899298,3397799,40974640.0,1.483700
2023-12-05,11.919396,12.04852279,11.79026921,11.89953034,3943104,47342227.77,1.721800
2023-12-06,11.87966468,12.06838845,11.83993336,11.89953034,3212500,38775738.0,1.402700
2023-12-07,11.86973185,11.88959751,11.66114242,11.7207394,3111900,36781489.0,1.358800
2023-12-08,11.76047072,11.8200677,11.59161261,11.61147827,2280302,26839465.36,0.995700
2023-12-11,11.63134393,11.80020204,11.49228431,11.77040355,2481988,29087173.88,1.083800
2023-12-12,11.80020204,11.83993336,11.70087374,11.81013487,1931400,22916093.0,0.843300
2023-12-13,11.78033638,11.81013487,11.68100808,11.71080657,1500100,17739919.0,0.655000
2023-12-14,11.78033638,11.84986619,11.68100808,11.69094091,1698100,20115401.0,0.741500
2023-12-15,11.7207394,11.79026921,11.59161261,11.63134393,1533350,18017833.0,0.669500
2023-12-18,11.66114242,11.66114242,11.37309035,11.40288884,2146200,24747852.0,0.937100
2023-12-19,11.44262016,11.46248582,11.34329186,11.41282167,1457028,16721762.59,0.636200
2023-12-20,11.46248582,11.54194846,11.40288884,11.41282167,1701066,19662085.14,0.742800
2023-12-21,11.38302318,11.48235148,11.18436658,11.40288884,2570515,29335372.05,1.122400
2023-12-22,11.47241865,11.50221714,11.26382922,11.33335903,2316020,26459386.32,1.011300
2023-12-25,11.35322469,11.39295601,11.20423224,11.24396356,1202681,13642789.3,0.525200
2023-12-26,11.21416507,11.24396356,11.11483677,11.13470243,1492600,16784927.0,0.651700
2023-12-27,11.13470243,11.2240979,11.06517262,11.16450092,1434275,16094982.75,0.626300
2023-12-28,11.13470243,11.57174695,11.1247696,11.50221714,4196434,48170446.96,1.832400
2023-12-29,11.53201563,11.81013487,11.47241865,11.78033638,3775303,44433016.12,1.648500
2024-01-02,11.79026921,11.86973185,11.7207394,11.78033638,2485300,29547918.0,1.085200
2024-01-03,11.75053789,11.8200677,11.6214111,11.75053789,2039453,24054540.53,0.890500
2024-01-04,11.74060506,11.75053789,11.57174695,11.64127676,1593514,18654788.18,0.695800
2024-01-05,11.64127676,11.74060506,11.39295601,11.45255299,2509092,29173023.08,1.095600
2024-01-08,11.47241865,11.51214997,11.16450092,11.17443375,2763900,31518627.0,1.206900
2024-01-09,11.26382922,11.30356054,11.07510545,11.13470243,2256200,25398806.0,0.985200
2024-01-10,11.18436658,11.26382922,10.85658319,11.06517262,2713300,30224336.0,1.184800
2024-01-11,11.08503828,11.34329186,11.00557564,11.27376205,2521699,28402248.65,1.101100
2024-01-12,11.25389639,11.44262016,11.18436658,11.21416507,2281500,25972300.0,0.996200
2024-01-15,11.19429941,11.24396356,11.04530696,11.09497111,1522733,17075703.94,0.664900
2024-01-16,11.09497111,11.20423224,10.93604583,11.05523979,2133751,23728459.63,0.931700
2024-01-17,11.08503828,11.08503828,10.7274564,10.79698621,2125170,23384690.97,0.928000
2024-01-18,10.76718772,10.80691904,10.28047905,10.53873263,3650330,38517515.2,1.593900
2024-01-19,10.54866546,10.67779225,10.39967301,10.43940433,1947785,20600054.3,0.850500
2024-01-22,10.4294715,10.43940433,9.64477793,9.7341734,3563566,35964826.5,1.556000
2024-01-23,9.77390472,9.89309868,9.4361885,9.84343453,3190581,31060756.98,1.393200
2024-01-24,9.91296434,10.01229264,9.5355168,9.96262849,3382380,33379947.88,1.476900
2024-01-25,10.01229264,10.30034471,9.85336736,10.28047905,3106653,31726715.72,1.356500
2024-01-26,10.31027754,10.41953867,10.22088207,10.24074773,2239300,23229963.0,0.977800
2024-01-29,10.3301432,10.47913565,10.11162094,10.12155377,3136384,32461619.76,1.369500
2024-01-30,10.10168811,10.21094924,9.78383755,9.81363604,2739973,27604478.93,1.196400
2024-01-31,9.76397189,9.88316585,9.22759907,9.30706171,3756093,35827347.28,1.640100
2024-02-01,9.25739756,9.37659152,8.96934549,9.14813643,3031091,28025174.02,1.323500
2024-02-02,9.12827077,9.31699454,8.31377871,8.59189795,5244781,46078207.02,2.290100
2024-02-05,8.5422338,8.58196512,7.33042854,7.67807759,8364314,65665851.93,3.652300
2024-02-06,7.57874929,8.42303984,7.3502942,8.22438324,8051477,63656962.03,3.515700
2024-02-07,8.2442489,8.77068889,8.15485343,8.60183078,6508156,56060871.71,2.841800
2024-02-08,8.61176361,9.40639001,8.60183078,9.24746473,6864410,62929011.9,2.997400
2024-02-19,9.28719605,9.51565114,9.11833794,9.32692737,6287867,58823347.96,2.745600
2024-02-20,9.26733039,9.35672586,9.11833794,9.31699454,3339500,31042253.0,1.458200
2024-02-21,9.19780058,9.68450925,9.15806926,9.34679303,3840188,36632464.09,1.676800
2024-02-22,9.29712888,9.62491227,9.29712888,9.5355168,3626520,34681235.4,1.583500
2024-02-23,9.61497944,9.75403906,9.49578548,9.72424057,4002993,38816471.42,1.747900
2024-02-26,9.76397189,10.15135226,9.7341734,9.91296434,5296956,52953151.44,2.312900
2024-02-27,9.93283,10.14141943,9.79377038,10.12155377,4538100,45729138.0,1.981600
2024-02-28,10.21094924,10.44933716,9.6348451,9.6348451,7617502,77400748.24,3.326200
2024-02-29,9.6348451,10.00235981,9.6348451,9.97256132,4479500,44578763.0,1.956000
2024-03-01,10.00235981,10.1314866,9.91296434,10.09175528,3743500,37860081.0,1.634600
2024-03-04,10.12155377,10.28047905,9.87323302,9.98249415,3945194,39695644.88,1.722700
2024-03-05,9.98249415,10.00235981,9.82356887,9.84343453,3349957,33406597.87,1.462800
2024-03-06,9.84343453,10.07188962,9.79377038,9.94276283,3002400,30025227.0,1.311000
2024-03-07,10.00235981,10.1314866,9.89309868,9.89309868,4130600,41635086.0,1.803600
2024-03-08,9.88316585,10.02222547,9.76397189,9.92289717,2941500,29235275.0,1.284400
2024-03-11,9.93283,10.28047905,9.91296434,10.25068056,5744900,58615518.0,2.508500
2024-03-12,10.20101641,10.28047905,10.04209113,10.1314866,3921400,40017348.0,1.712300
2024-03-13,10.08182245,10.35994169,10.05202396,10.24074773,4351459,44709071.29,1.900100
2024-03-14,10.55859829,10.60826244,10.05202396,10.18115075,6766486,70523063.48,2.954600
2024-03-15,10.0321583,10.4294715,10.01229264,10.4294715,5524950,56900869.0,2.412500
2024-03-18,10.40960584,10.57846395,10.31027754,10.5287998,5751150,60287650.0,2.511200
2024-03-19,10.47913565,10.71752357,10.4294715,10.58839678,4507326,48099904.53,1.968100
2024-03-20,10.54866546,12.63455976,10.53873263,11.64127676,20084952,236823428.61,8.770100
2024-03-21,11.24396356,11.39295601,11.09497111,11.3234262,16616128,187695636.3,7.255500
2024-03-22,11.17443375,12.09818694,11.07510545,11.78033638,22800286,268657399.2,9.955800
2024-03-25,11.69094091,11.69094091,10.89631451,10.95591149,14841706,167962701.68,6.480700
2024-03-26,10.79698621,11.38302318,10.75725489,11.13470243,10892321,121754359.52,4.756100
2024-03-27,11.01550847,11.06517262,10.30034471,10.32021037,11254200,120357928.54,4.914200
2024-03-28,10.22088207,10.78705338,10.21094924,10.67779225,7574692,80950168.2,3.307500
2024-03-29,10.66785942,10.8267847,10.5287998,10.73738923,4935293,52942419.71,2.155000
2024-04-01,10.89631451,11.41282167,10.85658319,11.24396356,9751791,110330573.67,4.258100
2024-04-02,11.29362771,11.47241865,11.14463526,11.35322469,8965330,102288573.19,3.914700
2024-04-03,11.4227545,11.46248582,11.11483677,11.18436658,6151262,69320409.5,2.686000
2024-04-08,11.13470243,11.26382922,10.81685187,10.85658319,6209213,69190753.04,2.711300
2024-04-09,10.75725489,11.38302318,10.75725489,11.37309035,9354685,106004670.58,4.084700
2024-04-10,11.26382922,11.31349337,10.89631451,10.93604583,6431632,71433020.09,2.808400
2024-04-11,10.87644885,11.10490394,10.7274564,10.83671753,5465350,59993060.5,2.386500
2024-04-12,10.80691904,10.95591149,10.68772508,10.73738923,4418100,48002635.0,1.929200
2024-04-15,10.70759074,10.76718772,9.88316585,10.1314866,7820916,80621309.1,3.415000
2024-04-16,10.02222547,10.06195679,9.10840511,9.12827077,7571557,72005081.87,3.306100
2024-04-17,9.22759907,10.11162094,9.22759907,10.09175528,7011968,69306344.2,3.061800
2024-04-18,10.10168811,10.11162094,9.76397189,9.96262849,4609466,46259332.85,2.012700
2024-04-19,9.90303151,10.00235981,9.7341734,9.80370321,3660296,36254292.04,1.598300
2024-04-22,9.8335017,9.92289717,9.50571831,9.70437491,3190936,31190667.36,1.393300
2024-04-23,9.70437491,9.95269566,9.68450925,9.80370321,3497891,34584518.35,1.527400
2024-04-24,9.87323302,10.30034471,9.76397189,10.29041188,5303562,53976767.19,2.315800
2024-04-25,10.20101641,10.35000886,10.11162094,10.1314866,3878700,39919356.0,1.693600
2024-04-26,9.94276283,10.21094924,9.71430774,10.08182245,5834916,58696001.24,2.547800
2024-04-29,10.08182245,10.54866546,10.04209113,10.5287998,5367707,56228151.3,2.343800
2024-04-30,10.61819527,10.61819527,10.31027754,10.32021037,3278800,34280569.0,1.431700
2024-05-06,10.40960584,10.57846395,10.40960584,10.51886697,3783015,40049656.65,1.651900
2024-05-07,10.57846395,10.63806093,10.44933716,10.59832961,3246100,34561796.7,1.417400
2024-05-08,10.59832961,10.60826244,10.36987452,10.39967301,2784988,29362873.5,1.216100
2024-05-09,10.48906848,10.71752357,10.41953867,10.66785942,3738700,40095400.0,1.632500
2024-05-10,10.74732206,10.79698621,10.4294715,10.49900131,3425490,36259929.22,1.495700
2024-05-13,10.34007603,10.36987452,10.07188962,10.09175528,3560117,36448722.67,1.554500
2024-05-14,10.18115075,10.32021037,10.11162094,10.14141943,2392593,24529007.53,1.044700
2024-05-15,10.09175528,10.19108358,10.02222547,10.02222547,1852769,18810458.59,0.809000
2024-05-16,9.98249415,10.24074773,9.98249415,10.08182245,2535969,25900422.66,1.107300
2024-05-17,10.0321583,10.48906848,10.0321583,10.30034471,5393400,55540621.0,2.355000
2024-05-20,10.34007603,10.53873263,10.3301432,10.43940433,4827887,50713384.2,2.108100
2024-05-21,10.56853112,11.8200677,10.56853112,11.04530696,22557157,256918795.03,9.849600
2024-05-22,10.73738923,11.39295601,10.73738923,11.2240979,21574546,239890170.32,9.420600
2024-05-23,10.97577715,11.04530696,10.70759074,10.77712055,13292393,145219439.96,5.804100
2024-05-24,10.65792659,11.11483677,10.41953867,10.88638168,14634984,158510665.22,6.390400
2024-05-27,10.90624734,11.34329186,10.6281281,11.05523979,17622173,196102461.35,7.694700
2024-05-28,11.00557564,11.15456809,10.60826244,10.64799376,9952780,108085826.48,4.345900
2024-05-29,10.53873263,10.8267847,10.41953867,10.63806093,7589607,81172421.62,3.314000
2024-05-30,10.6281281,10.6281281,10.19108358,10.20101641,7048492,73296950.1,3.077700
2024-05-31,10.20101641,10.65792659,10.20101641,10.45926999,6046700,63691466.0,2.640300
2024-06-03,10.44933716,11.0254413,10.17121792,10.73738923,11796298,126192181.79,5.150900
2024-06-04,10.57846395,11.1247696,10.54866546,11.01550847,16155057,178204211.82,7.054100
2024-06-05,10.83671753,10.926113,10.19108358,10.20101641,12842140,135268874.38,5.607500
2024-06-06,10.12155377,10.54866546,9.65471076,9.69444208,8777471,88602032.95,3.832700
2024-06-07,9.75403906,10.05202396,9.55538246,9.77390472,6022012,59392571.6,2.629500
2024-06-11,9.71394444,10.08371393,9.37415626,10.02375131,6045681,59142375.17,2.639900
2024-06-12,9.97378246,10.41350834,9.96378869,10.37353326,6849683,70694374.36,2.990900
2024-06-13,10.37353326,10.41350834,10.22362671,10.27359556,3983400,41093598.0,1.739400
2024-06-14,10.25360802,10.5933962,10.13368278,10.47347096,6024418,62820237.78,2.630600
2024-06-17,10.37353326,10.7932716,10.34355195,10.70332767,7448398,79311725.22,3.252400
2024-06-18,10.61338374,10.8932093,10.61338374,10.73330898,6376469,68623721.51,2.784300
2024-06-19,10.68334013,10.84324045,10.60338997,10.66335259,5639921,60365968.67,2.462700
2024-06-20,10.62337751,10.76329029,10.28358933,10.32356441,5857884,61501881.72,2.557900
2024-06-21,10.21363294,10.33355818,10.03374508,10.08371393,4216560,42756530.09,1.841200
2024-06-24,10.04373885,10.04373885,9.3941438,9.40413757,6726600,65054640.0,2.937200
2024-06-25,9.45410642,9.53405658,9.03436808,9.12431201,5651312,52300197.0,2.467700
2024-06-26,9.12431201,9.56403789,8.8944553,9.53405658,5043612,46557914.32,2.202300
2024-06-27,9.44411265,9.57403166,9.27421856,9.28421233,3083960,29030288.4,1.346600
2024-06-28,9.28421233,9.77390706,9.22424971,9.5940192,5145300,49471870.0,2.246700
2024-07-01,9.65398182,9.6939569,9.23424348,9.42412511,4592984,43178459.44,2.005500
2024-07-02,9.37415626,10.87322176,9.26422479,10.54342735,16275599,162405765.43,7.106800
2024-07-03,11.17303486,12.65211282,11.00314077,11.81263614,66218365,796394059.97,28.914400
2024-07-04,10.90320307,11.51282304,10.48346473,11.05310962,51826102,565830112.91,22.629900
2024-07-05,10.67334636,11.74267975,10.51344604,11.44286665,45458754,510863040.01,19.849600
2024-07-08,11.53281058,12.23237448,11.2929601,11.74267975,47414563,562074841.38,20.703600
2024-07-09,11.65273582,12.34230595,11.05310962,12.10245547,49708108,577678388.88,21.705100
2024-07-10,11.6927109,12.27234956,11.54280435,11.66272959,40020928,473680933.3,17.475200
2024-07-11,12.88196953,13.87135276,12.33231218,12.57216266,63083433,810547030.67,27.545500
2024-07-12,12.05248662,12.16241809,11.32294141,11.32294141,48599577,569371945.91,21.221100
2024-07-15,11.13305978,11.38290403,10.91319684,11.00314077,23957567,265762145.34,10.461100
2024-07-16,10.993147,11.41288534,10.94317815,11.11307224,20038567,223168709.68,8.749900
2024-07-17,10.98315323,10.98315323,10.4934585,10.4934585,21203577,226155512.44,9.258600
2024-07-18,10.20363917,10.30357687,9.94380115,10.25360802,16493384,166918803.6,7.201900
2024-07-19,10.18365163,10.67334636,10.0937077,10.43349588,15238910,158936570.5,6.654100
2024-07-22,10.3935208,10.61338374,10.23362048,10.51344604,13533700,141197784.0,5.909500
2024-07-23,10.44348965,10.54342735,10.0937077,10.10370147,10995941,113160278.58,4.801400
2024-07-24,9.98377623,10.35354572,9.98377623,10.02375131,8604999,87233232.96,3.757400
2024-07-25,9.90382607,10.05373262,9.78390083,9.95379492,8101300,80491483.0,3.537400
2024-07-26,9.99377,10.10370147,9.92381361,10.00376377,5823300,58328018.0,2.542800
2024-07-29,9.99377,10.11369524,9.86385099,10.05373262,5893398,58940719.92,2.573400
2024-07-30,9.96378869,10.17365786,9.86385099,9.99377,7404500,74243085.0,3.233200
2024-07-31,9.95379492,10.32356441,9.94380115,10.30357687,10052263,102746275.97,4.389300
2024-08-01,10.2935831,10.44348965,10.24361425,10.3935208,8554755,88623085.45,3.735400
2024-08-02,10.27359556,10.2935831,9.94380115,9.94380115,9942358,100700687.54,4.341300
2024-08-05,9.84386345,10.04373885,9.40413757,9.41413134,9658774,93613323.09,4.217500
2024-08-06,9.51406904,9.71394444,9.41413134,9.53405658,5074870,48343747.8,2.216000
2024-08-07,9.4940815,9.61400674,9.48408773,9.51406904,3766100,35980730.0,1.644500
2024-08-08,9.43411888,9.48408773,9.26422479,9.42412511,5393000,50537658.0,2.354900
2024-08-09,9.44411265,9.64398805,9.42412511,9.52406281,4870300,46563951.0,2.126600
2024-08-12,9.52406281,9.61400674,9.2942061,9.35416872,3408200,31982293.0,1.488200
2024-08-13,9.35416872,9.48408773,9.33418118,9.47409396,2688300,25319867.0,1.173900
2024-08-14,9.47409396,9.60401297,9.47409396,9.51406904,2990000,28539030.0,1.305600
2024-08-15,9.47409396,9.73393198,9.46410019,9.61400674,4288655,41258852.0,1.872600
2024-08-16,9.63399428,9.74392575,9.60401297,9.61400674,3876600,37508863.0,1.692700
2024-08-19,9.5940192,9.73393198,9.38415003,9.43411888,4766290,45570150.6,2.081200
2024-08-20,9.41413134,9.50407527,9.23424348,9.24423725,3371800,31471947.0,1.472300
2024-08-21,9.24423725,9.44411265,9.18427463,9.35416872,2878500,26926029.0,1.256900
2024-08-22,9.30419987,9.40413757,9.08433693,9.14429955,3676500,33931044.0,1.605300
2024-08-23,9.0943307,9.15429332,8.994393,9.02437431,3250400,29455083.0,1.419300
2024-08-26,8.994393,9.24423725,8.994393,9.20426217,3220400,29552803.0,1.406200
2024-08-27,9.06434939,9.16428709,8.64461105,8.66459859,7442800,65451944.0,3.249900
2024-08-28,8.68458613,8.92443661,8.65460482,8.75454252,4439800,39157470.16,1.938600
2024-08-29,8.73455498,8.994393,8.70457367,8.93443038,3486700,30993511.0,1.522500
2024-08-30,8.93443038,9.27421856,8.91444284,9.10432447,4876425,44660067.53,2.129300
2024-09-02,9.0943307,9.18427463,8.91444284,8.91444284,4364119,39425666.3,1.905600
2024-09-03,8.95441792,9.05435562,8.86447399,8.97440546,2746003,24637892.79,1.199000
2024-09-04,8.86447399,9.04436185,8.7945176,8.93443038,3209610,28731648.8,1.401500
2024-09-05,8.95441792,9.32418741,8.91444284,9.05435562,6543900,59776350.23,2.857400
2024-09-06,9.05435562,9.05435562,8.84448645,8.84448645,4053203,36256028.61,1.769800
2024-09-09,8.77453006,8.92443661,8.73455498,8.7945176,2228003,19668119.43,0.972900
2024-09-10,8.80451137,8.93443038,8.72456121,8.8944553,2678700,23624790.0,1.169700
2024-09-11,8.87446776,9.34417495,8.83449268,9.1942684,9793164,89150451.08,4.276200
2024-09-12,9.07434316,9.15429332,8.96441169,8.994393,7989448,72238180.1,3.488600
2024-09-13,8.98439923,9.02437431,8.78452383,8.78452383,4457264,39551804.96,1.946300
2024-09-18,8.77453006,8.77453006,8.33480418,8.46472319,4558400,38786407.14,1.990400
2024-09-19,8.4947045,8.73455498,8.45472942,8.66459859,3363251,28994078.64,1.468600
2024-09-20,8.83449268,8.83449268,8.58464843,8.65460482,2677551,23189128.17,1.169200
2024-09-23,8.65460482,8.7945176,8.56466089,8.66459859,2339111,20306362.48,1.021400
2024-09-24,8.74454875,9.04436185,8.67459236,9.04436185,5298131,47223737.93,2.313400
2024-09-25,9.11431824,9.31419364,9.08433693,9.11431824,5909563,54397119.62,2.580400
2024-09-26,9.08433693,9.3941438,9.07434316,9.3941438,5437199,50338530.79,2.374200
2024-09-27,9.52406281,10.06372639,9.50407527,9.8938323,10263541,100403939.44,4.481600
2024-09-30,10.26360179,11.34292895,10.12368901,11.15304732,22257165,239190395.76,9.718600
2024-10-08,12.991901,13.03187608,11.3928978,12.21238694,25046484,306143666.88,10.936600
2024-10-09,11.77266106,11.8925863,10.88321553,10.88321553,17449269,199606668.37,7.619300
2024-10-10,10.97315946,11.32294141,10.6933339,10.85323422,11482100,126640340.0,5.013700
2024-10-11,10.85323422,10.97315946,10.11369524,10.23362048,9966300,103853428.0,4.351800
2024-10-14,10.26360179,10.63337128,10.0937077,10.62337751,7773670,80942830.6,3.394400
2024-10-15,10.5933962,10.6933339,10.25360802,10.2935831,6571803,68875203.83,2.869600
2024-10-16,10.16366409,10.3935208,10.07372016,10.1936454,5558055,56842475.0,2.426900
2024-10-17,10.28358933,10.46347719,10.16366409,10.16366409,5123600,52880046.0,2.237200
2024-10-18,10.16366409,10.92319061,10.12368901,10.67334636,11152006,117652709.76,4.869500
2024-10-21,10.87322176,11.02312831,10.67334636,10.7932716,9477397,102831212.57,4.138300
2024-10-22,10.7932716,10.94317815,10.64336505,10.86322799,8534900,92091153.0,3.726800
2024-10-23,10.80326537,11.03312208,10.77328406,10.86322799,7368635,80372237.65,3.217500
2024-10-24,10.83324668,10.90320307,10.65335882,10.72331521,4737542,50885090.4,2.068700
2024-10-25,10.78327783,11.20301617,10.70332767,11.13305978,11262251,124432150.69,4.917700
2024-10-28,10.97315946,11.10307847,10.7932716,11.10307847,10259701,112663009.03,4.479900
2024-10-29,11.10307847,11.20301617,10.75329652,10.75329652,8722900,95350937.0,3.808900
2024-10-30,10.75329652,10.91319684,10.53343358,10.64336505,6269500,67147381.0,2.737600
2024-10-31,10.66335259,10.94317815,10.54342735,10.84324045,7333091,79306727.61,3.202000
2024-11-01,10.73330898,10.84324045,10.40351457,10.43349588,8844015,93616039.88,3.861800
2024-11-04,10.52343981,10.76329029,10.44348965,10.76329029,5550400,59254956.4,2.423600
2024-11-05,10.75329652,11.12306601,10.72331521,11.11307224,8610679,94862709.33,3.759900
2024-11-06,11.11307224,11.46285419,11.02312831,11.11307224,9384287,105402060.35,4.097700
2024-11-07,11.11307224,12.01251154,10.96316569,11.8925863,21844175,253305274.06,9.538300
2024-11-08,12.24236825,12.37228726,11.77266106,11.84261745,24092447,290801311.7,10.520000
2024-11-11,11.7926486,12.2923371,11.71269844,12.16241809,17440619,210853456.78,7.615500
2024-11-12,12.14243055,12.25236202,11.75267352,11.87259876,12526485,150617939.45,5.469700
2024-11-13,11.84261745,11.98253023,11.5927732,11.80264237,8842700,104147652.0,3.861200
2024-11-14,11.95254892,11.95254892,11.3928978,11.40289157,8052700,93594575.16,3.516200
2024-11-15,11.43287288,11.57278566,11.11307224,11.11307224,6255266,71147050.3,2.731400
2024-11-18,11.16304109,11.32294141,10.88321553,10.95317192,7679273,85103070.33,3.353200
2024-11-19,10.98315323,11.48284173,10.95317192,11.44286665,6121393,68444552.45,2.672900
2024-11-20,11.34292895,11.54280435,11.30295387,11.48284173,5582900,63791772.0,2.437800
2024-11-21,11.47284796,11.64274205,11.30295387,11.46285419,5012309,57599752.05,2.188600
2024-11-22,11.43287288,11.56279189,10.93318438,10.93318438,6492598,73189246.12,2.835000
2024-11-25,10.93318438,11.27297256,10.93318438,11.1930224,6192660,69015043.8,2.704000
2024-11-26,11.12306601,11.21300994,10.87322176,10.92319061,5546260,61146145.8,2.421800
2024-11-27,10.85323422,11.10307847,10.51344604,11.0930847,6194104,66743998.12,2.704700
2024-11-28,11.08309093,11.24299125,10.94317815,10.98315323,4990647,55347881.58,2.179200
2024-11-29,10.95317192,11.22300371,10.7932716,11.07309716,5104400,56383697.0,2.228800
2024-12-02,11.07309716,11.38290403,11.03312208,11.33293518,5276900,59407499.0,2.304200
2024-12-03,11.37291026,11.37291026,11.15304732,11.25298502,4350400,48967616.0,1.899600
2024-12-04,11.25298502,11.27297256,10.87322176,10.94317815,5241316,57901259.96,2.288600
2024-12-05,10.90320307,11.16304109,10.87322176,11.11307224,3872800,42837201.0,1.691100
2024-12-06,11.14305355,11.21300994,10.92319061,11.17303486,5592162,62150141.94,2.441800
2024-12-09,11.17303486,11.25298502,10.95317192,11.05310962,5161000,57253482.0,2.253600
2024-12-10,11.32294141,11.3928978,11.08309093,11.10307847,6828800,76804846.0,2.981800
2024-12-11,11.14305355,11.27297256,11.0930847,11.25298502,4654400,52187512.0,2.032400
2024-12-12,11.2929601,11.34292895,11.1930224,11.2929601,5256600,59291083.0,2.295300
2024-12-13,11.2929601,11.31294764,10.98315323,10.98315323,6439600,71481204.84,2.811900
2024-12-16,11.01313454,11.08309093,10.81325914,10.90320307,4080700,44676100.06,1.781800
2024-12-17,10.87322176,11.00314077,10.63337128,10.66335259,4707100,50775443.0,2.055400
2024-12-18,10.74330275,10.80326537,10.58340243,10.68334013,3719257,39817884.46,1.624000
2024-12-19,10.62337751,10.78327783,10.48346473,10.78327783,4984166,53059938.4,2.176300
2024-12-20,10.78327783,11.14305355,10.6933339,11.03312208,5466740,60135377.94,2.387100
2024-12-23,11.03312208,11.0930847,10.51344604,10.54342735,5627572,60481226.4,2.457300
2024-12-24,10.5933962,10.77328406,10.44348965,10.52343981,3720771,39393259.05,1.624700
2024-12-25,10.50345227,10.56341489,10.20363917,10.2935831,4242000,43829957.0,1.852300
2024-12-26,10.2935831,10.74330275,10.27359556,10.57340866,4540700,47959255.0,1.982700
2024-12-27,10.58340243,12.38228103,10.4934585,11.32294141,27549494,318441155.93,12.029500
2024-12-30,11.2929601,11.85261122,11.2929601,11.58277943,25816028,299011917.09,11.272600
2024-12-31,11.5927732,11.68271713,11.01313454,11.07309716,15532829,174913447.49,6.782400
2025-01-02,11.13305978,11.17303486,10.3935208,10.54342735,14233312,152770462.26,6.215000
2025-01-03,10.61338374,10.71332144,9.7938946,9.83386968,13014621,132747207.46,5.682900
2025-01-06,9.76391329,10.26360179,9.4940815,9.99377,12067700,120661969.0,5.269400
2025-01-07,9.99377,10.48346473,9.93380738,10.46347719,10716651,109419573.53,4.679400
2025-01-08,10.3935208,10.41350834,9.71394444,9.97378246,12048409,120652777.43,5.261000
2025-01-09,9.81388214,10.94317815,9.77390706,10.65335882,20573703,217329497.45,8.983500
2025-01-10,10.51344604,11.0930847,10.45348342,10.57340866,22405143,243013010.14,9.783200
2025-01-13,10.4934585,11.32294141,10.42350211,10.76329029,17716900,192558222.0,7.736100
2025-01-14,10.6933339,11.18302863,10.61338374,11.18302863,20050653,220167255.64,8.755100
2025-01-15,11.10307847,11.2929601,10.90320307,10.993147,14242800,157419770.0,6.219100
2025-01-16,11.14305355,11.16304109,10.77328406,10.86322799,11323100,123883662.0,4.944200
2025-01-17,10.7932716,11.02312831,10.74330275,10.85323422,8675418,94320045.4,3.788100
2025-01-20,10.94317815,11.5927732,10.91319684,11.32294141,20071213,226245905.0,8.764100
2025-01-21,11.2929601,11.36291649,11.07309716,11.18302863,11710400,130952604.0,5.113400
2025-01-22,10.81325914,10.92319061,10.54342735,10.77328406,14977500,160450428.4,6.539900
2025-01-23,10.83324668,11.10307847,10.64336505,10.66335259,10262200,111847164.0,4.481000
2025-01-24,10.64336505,10.84324045,10.64336505,10.84324045,6553478,70520856.28,2.861600
2025-01-27,10.87322176,10.95317192,10.45348342,10.45348342,6999757,74633631.18,3.056500
2025-02-05,10.60338997,10.73330898,10.51344604,10.67334636,5507500,58683579.0,2.404900
2025-02-06,10.60338997,10.81325914,10.55342112,10.80326537,6702443,72041006.54,2.926600
2025-02-07,10.7932716,11.18302863,10.7932716,11.02312831,10960678,120492422.18,4.786000
2025-02-10,11.04311585,11.10307847,10.87322176,11.08309093,7591110,83585095.95,3.314700
2025-02-11,11.10307847,11.11307224,10.85323422,11.0930847,7156100,78776895.0,3.124700
2025-02-12,11.1930224,11.22300371,11.03312208,11.21300994,9198761,102512626.49,4.016700
2025-02-13,11.1930224,11.26297879,10.96316569,10.96316569,6771278,75155278.44,2.956700
2025-02-14,10.94317815,11.14305355,10.8932093,10.993147,5873300,64763616.0,2.564600
2025-02-17,10.993147,11.27297256,10.95317192,11.15304732,7837300,87394181.14,3.422200
2025-02-18,11.15304732,11.33293518,10.88321553,10.97315946,9161100,102292969.34,4.000200
2025-02-19,10.94317815,11.30295387,10.81325914,11.30295387,8765629,97612992.89,3.827500
2025-02-20,11.30295387,11.5927732,11.24299125,11.47284796,12252709,140241800.71,5.350200
2025-02-21,11.53281058,11.54280435,11.34292895,11.43287288,9166208,104942908.3,4.002400
2025-02-24,11.45286042,11.61276074,11.1930224,11.51282304,10358698,118490151.08,4.523100
2025-02-25,11.40289157,11.67272336,11.30295387,11.53281058,8129993,93743015.85,3.550000
2025-02-26,11.57278566,11.75267352,11.52281681,11.68271713,9690097,112805063.14,4.231200
2025-02-27,11.68271713,11.74267975,11.4928355,11.68271713,11214300,130387521.12,4.896700
2025-02-28,11.62275451,11.67272336,11.15304732,11.22300371,9295900,105755102.0,4.059100
2025-03-03,11.26297879,11.94255515,11.17303486,11.62275451,20398515,238605484.63,8.907000
2025-03-04,11.52281681,11.53281058,11.32294141,11.43287288,11449928,130796045.76,4.999600
2025-03-05,11.43287288,11.57278566,11.31294764,11.47284796,8570789,98034623.71,3.742400
2025-03-06,11.50282927,11.63274828,11.44286665,11.44286665,10096192,116284215.63,4.408500
2025-03-07,11.40289157,11.4928355,11.25298502,11.34292895,8626800,98129703.74,3.766900
2025-03-10,11.32294141,11.51282304,11.22300371,11.43287288,6839400,78123880.0,2.986400
2025-03-11,11.24299125,11.87259876,11.17303486,11.55279812,12201250,140821382.5,5.327700
2025-03-12,11.62275451,11.70270467,11.47284796,11.63274828,9475157,109837314.27,4.137300
2025-03-13,11.70270467,12.33231218,11.44286665,12.06248039,34023460,409011814.14,14.856400
2025-03-14,12.13243678,12.66210659,11.8925863,12.37228726,34845135,426018721.85,15.215200
2025-03-17,12.38228103,12.58215643,12.08246793,12.31232464,25807303,317043790.47,11.268800
2025-03-18,12.32231841,12.45223742,12.10245547,12.21238694,15939236,195023715.69,6.959900
2025-03-19,12.11244924,12.14243055,11.68271713,11.75267352,16746538,198349855.92,7.312400
2025-03-20,11.74267975,11.84261745,11.61276074,11.62275451,9247574,108284338.69,4.038000
2025-03-21,11.60276697,11.64274205,11.3928978,11.44286665,8441400,97007559.0,3.686000
2025-03-24,11.40289157,11.86260499,10.95317192,11.17303486,17347300,197835757.86,7.574700
2025-03-25,11.13305978,11.33293518,10.993147,11.0930847,10321103,115099416.66,4.506700
2025-03-26,11.05310962,11.50282927,11.05310962,11.42287911,15910590,181705190.21,6.947400
2025-03-27,11.38290403,11.38290403,10.97315946,10.98315323,11458709,126944807.39,5.003500
2025-03-28,10.93318438,11.00314077,10.75329652,10.85323422,6676500,72707699.0,2.915300
2025-03-31,10.84324045,10.84324045,10.54342735,10.67334636,5554320,59288940.8,2.425300
2025-04-01,10.74330275,10.84324045,10.6933339,10.71332144,4140500,44579349.0,1.808000
2025-04-02,10.74330275,10.85323422,10.65335882,10.70332767,3886711,41818025.78,1.697100
2025-04-03,10.57340866,10.73330898,10.44348965,10.56341489,4298772,45477659.36,1.877100
2025-04-07,10.00376377,10.04373885,8.48471073,8.66459859,13602136,125520601.69,5.939400
2025-04-08,8.78452383,9.33418118,8.78452383,8.96441169,9704974,87686071.16,4.237700
2025-04-09,8.84448645,9.22424971,8.3947668,9.16428709,8579619,76039463.59,3.746300
2025-04-10,9.44411265,9.5940192,9.33418118,9.37415626,7183168,68081582.36,3.136500
2025-04-11,9.38415003,9.64398805,9.32418741,9.4940815,5355100,50963092.0,2.338300
2025-04-14,9.71394444,9.76391329,9.64398805,9.66397559,4636705,45017224.31,2.024600
2025-04-15,9.6939569,9.72393821,9.55404412,9.68396313,3943300,38065796.04,1.721800
2025-04-16,9.63399428,9.68396313,9.35416872,9.5940192,3925398,37457279.84,1.714000
2025-04-17,9.53405658,9.70395067,9.51406904,9.61400674,2788900,26904318.0,1.217800
2025-04-18,9.61400674,9.72393821,9.50407527,9.68396313,3147500,30267472.0,1.374400
2025-04-21,9.67396936,10.31357064,9.63399428,10.23362048,8739122,87866620.28,3.816000
2025-04-22,10.1936454,10.25360802,9.90382607,9.98377623,8336500,83568003.0,3.640100
2025-04-23,10.06372639,10.18365163,10.05373262,10.13368278,4752600,48080796.0,2.075200
2025-04-24,10.10370147,10.15367032,9.8938323,9.99377,3764000,37669856.0,1.643600
2025-04-25,9.98377623,10.0937077,9.93380738,10.00376377,3543637,35486492.22,1.547300
2025-04-28,10.02375131,10.05373262,9.85385722,9.95379492,3505541,34913053.32,1.530700
2025-04-29,9.81388214,10.12368901,9.81388214,10.05373262,3478204,34982567.94,1.518800
2025-04-30,9.98377623,10.18365163,9.98377623,10.11369524,3006465,30468228.02,1.312800
2025-05-06,10.14367655,10.2935831,10.14367655,10.27359556,3898900,39928890.0,1.702500
2025-05-07,10.36353949,10.45348342,10.21363294,10.2935831,4245115,43811602.98,1.853600
2025-05-08,10.27359556,10.51344604,10.24361425,10.46347719,4520500,47069927.89,1.973900
2025-05-09,10.46347719,10.51344604,10.28358933,10.32356441,4311495,44674732.55,1.882600
2025-05-12,10.43349588,10.51344604,10.33355818,10.46347719,4710809,49182334.06,2.057000
2025-05-13,10.54342735,10.63337128,10.36353949,10.41350834,3481300,36417343.0,1.520100
2025-05-14,10.45348342,10.50345227,10.31357064,10.38352703,3326300,34595817.0,1.452400
2025-05-15,10.35354572,10.3935208,10.21363294,10.26360179,2802900,28846639.0,1.223900
2025-05-16,10.22362671,10.41350834,10.21363294,10.32356441,2707344,28072382.52,1.182200
2025-05-19,10.31357064,10.51344604,10.23362048,10.47347096,3787217,39324467.82,1.653700
2025-05-20,10.44348965,10.73330898,10.42350211,10.64336505,5637831,59709051.82,2.461800
2025-05-21,10.63337128,11.14305355,10.54342735,10.85323422,14461022,157394738.74,6.314400
2025-05-22,10.76329029,10.84324045,10.51344604,10.53343358,9709388,103377797.17,4.239600
2025-05-23,10.53343358,10.67334636,10.44348965,10.45348342,5368430,56678890.06,2.344100
2025-05-26,10.44348965,10.5933962,10.40351457,10.55342112,4269184,44963042.16,1.864100
2025-05-27,10.55342112,10.67334636,10.47347096,10.63337128,4248095,44939302.23,1.854900
2025-05-28,10.63337128,10.72331521,10.58340243,10.65335882,3828300,40750569.0,1.671600
2025-05-29,10.5933962,10.7932716,10.5933962,10.74330275,4737424,50871346.68,2.068600
2025-05-30,10.71332144,10.74330275,10.55342112,10.5933962,3587494,38141845.34,1.566500
2025-06-03,10.52343981,10.66335259,10.52343981,10.61338374,2837446,30110791.6,1.239000
2025-06-04,10.60338997,10.78327783,10.58340243,10.72331521,3424742,36745605.36,1.495400
2025-06-05,10.74330275,10.80326537,10.63337128,10.71332144,3805900,40713204.0,1.661900
2025-06-06,10.71332144,10.80326537,10.67334636,10.76329029,3789200,40753865.0,1.654600
2025-06-09,10.83324668,10.94317815,10.6933339,10.91319684,4864100,53019856.07,2.123900
2025-06-10,10.88321553,11.22300371,10.86322799,11.15304732,12148220,134347810.3,5.304500
2025-06-11,11.13305978,11.27297256,10.97315946,11.00314077,9211646,102169839.07,4.022300
2025-06-12,10.94317815,11.02312831,10.91319684,10.98315323,4436017,48690828.0,1.937000
2025-06-13,10.96316569,11.00314077,10.75329652,10.77328406,4187696,45500512.2,1.828600
2025-06-16,10.75329652,10.86322799,10.72331521,10.83324668,3423000,37047201.0,1.494700
2025-06-17,10.86322799,10.93318438,10.7932716,10.88321553,3136248,34080376.76,1.369400
2025-06-18,10.8932093,11.28296633,10.7932716,11.24299125,11975482,132797272.57,5.229100
2025-06-19,11.1930224,11.67272336,11.15304732,11.34292895,15389800,176257522.0,6.720000
2025-06-20,11.33293518,12.48221873,11.33293518,12.07247416,35166314,423241346.42,15.355400
2025-06-23,11.85261122,12.4922125,11.65273582,12.24236825,32372853,393779823.68,14.135700
2025-06-24,12.14243055,13.43162688,12.02250531,12.87197576,51318222,650331559.78,22.408200
2025-06-25,12.75205052,12.96191969,12.4922125,12.67210036,38125562,482868320.54,16.647600
2025-06-26,12.43224988,13.34168295,12.43224988,12.46223119,39492937,507605407.44,17.244700
2025-06-27,12.33231218,12.80201937,12.33231218,12.47222496,27314371,341915463.57,11.926900
2025-06-30,12.5921502,12.67210036,12.33231218,12.50220627,16861155,210010120.5,7.362500
2025-07-01,12.46223119,12.74205675,12.0924617,12.53218758,21873155,271167144.09,9.550900
2025-07-02,12.35229972,12.3922748,12.02250531,12.13243678,15997065,194259121.9,6.985100
2025-07-03,12.12244301,14.20114717,12.08246793,13.7914026,63983134,847263904.56,27.938300
2025-07-04,13.63150228,13.80139637,13.21176394,13.37166426,45421269,610755152.66,19.833300
2025-07-07,13.40164557,15.68022513,13.40164557,14.94068615,72759056,1078379460.78,31.770400
2025-07-08,14.85074222,17.2892221,14.4909665,16.86948376,88739448,1446356097.56,38.748200
2025-07-09,17.80889814,20.24737802,17.33919095,20.24737802,110365559,2100552363.21,48.191300
2025-07-10,20.5871662,21.22676748,18.93819415,19.24800102,90025734,1782624701.33,39.309900
2025-07-11,18.65836859,20.70709144,18.49846827,19.21801971,80184390,1573502390.58,35.012600
2025-07-14,19.00815054,21.3866678,18.53844335,20.0874777,75480474,1509251504.11,32.958700
2025-07-15,19.86761476,20.31733441,18.40852434,19.1880384,76012408,1469759136.87,33.190900
2025-07-16,19.27798233,19.77767083,18.21864271,18.3885368,56426509,1056874939.79,24.638700
2025-07-17,18.3885368,21.27673633,18.01876731,20.84700422,92610603,1837778486.68,40.438600
2025-07-18,21.49659927,23.23551525,21.2867301,21.50659304,88878956,1968140049.6,38.809100
2025-07-21,21.62651828,21.96630646,19.92757738,21.11683601,89777264,1876279996.19,39.201400
2025-07-22,21.00690454,22.14619432,19.96755246,20.00752754,79166174,1669462992.29,34.568000
2025-07-23,19.13806955,20.14744032,19.01814431,19.51783281,47735365,938854530.68,20.843700
2025-07-24,20.65712259,23.42539688,20.43725965,23.42539688,61848799,1381350182.12,27.006400
2025-07-25,22.52595758,22.75581429,20.5871662,20.8869793,82693617,1753349271.76,36.108300
2025-07-28,20.99691077,25.06437516,20.99691077,25.06437516,89749560,2045625424.88,10.826000
2025-07-29,25.79392037,28.4822445,25.79392037,26.76331606,87859045,2362576973.19,10.598000
2025-07-30,27.56281766,27.93258715,26.00378954,26.55344689,60767519,1627526536.59,7.330100
2025-07-31,26.63339705,27.5828052,25.71397021,26.00378954,74990117,1995845047.73,9.045700
2025-08-01,24.99441877,27.07312293,24.73458075,25.09435647,62889734,1609607613.49,7.586100
2025-08-04,24.99441877,25.6839889,24.3847988,24.84451222,49804731,1243267041.73,6.007700
2025-08-05,25.2842381,25.35419449,23.7851726,24.62464928,45374212,1108457440.68,5.473300
2025-08-06,24.4847365,25.13433155,23.74519752,24.0849857,48115819,1166103643.47,5.804000
2025-08-07,24.22489848,24.56468666,23.21552771,23.79516637,50032619,1193793736.26,6.035200
2025-08-08,23.80516014,25.0843627,23.39541557,24.25487979,65712814,1606888090.4,7.926600
2025-08-11,24.79454337,25.8838643,23.985048,25.35419449,70262632,1754992806.04,8.475400
2025-08-12,24.984425,25.84388922,23.64525982,24.91446861,62691998,1546230221.47,7.562200
2025-08-13,25.2842381,29.90135984,25.1843004,29.90135984,94703951,2552021252.14,11.423700
2025-08-14,29.91135361,29.95132869,27.80266814,28.06250616,77684890,2214654956.82,9.370700
2025-08-15,28.13246255,32.66963413,28.13246255,32.12997055,91058710,2801247179.5,10.984000
2025-08-18,32.79955314,34.7783196,31.1805624,33.36919803,87106862,2870208228.61,10.507300
2025-08-19,31.99005777,32.94945969,31.31048141,32.25988956,58902800,1888006917.41,7.105200
2025-08-20,31.4803755,33.92884915,30.07125393,32.65964036,56568704,1832760926.19,6.823600
2025-08-21,32.3798148,33.39917934,30.29111687,30.55095489,48643807,1526281557.24,5.867700
2025-08-22,30.980687,35.1780704,30.980687,33.88887407,77304411,2588791402.05,9.324800
2025-08-25,34.5784442,36.3773228,33.45914196,35.5778212,69580435,2412832357.56,8.393100
2025-08-26,34.81829468,35.5778212,33.2792541,33.82891145,53788353,1829716053.17,6.488200
2025-08-27,33.28924787,35.4778835,32.85951576,33.56907343,52229199,1797783661.94,6.300100
2025-08-28,32.35982726,35.54783989,31.46038796,35.16807663,68715607,2306157608.08,8.288800
2025-08-29,34.46851273,35.18806417,33.20929771,33.26926033,46539120,1573333848.2,5.613800
2025-09-01,32.6796279,34.7783196,31.76020106,32.93946592,39923496,1322418634.64,4.815800
2025-09-02,32.30985841,33.20929771,29.6814969,30.27112933,42289893,1315875197.05,5.101200
2025-09-03,30.4809985,32.46975873,29.67150313,31.3804378,37286657,1165481733.93,4.497700
2025-09-04,30.89074307,32.29986464,27.55282389,29.16182086,40799630,1222351208.43,4.921500
2025-09-05,29.0818707,31.1805624,28.53221335,30.81079291,37363302,1125095990.42,4.506900
2025-09-08,30.55095489,30.7808116,29.16182086,29.44164642,33155154,988572831.24,3.999300
2025-09-09,29.19180217,29.76144706,28.03252485,28.1824314,26822905,771295204.55,3.235500
2025-09-10,28.8819953,30.91073061,28.8819953,29.91135361,42895078,1292870553.81,5.174200
2025-09-11,31.91010761,34.40855011,30.89074307,33.0793787,64088608,2079516189.28,7.730700
2025-09-12,32.979441,37.5765752,32.85951576,34.46851273,76798301,2684108875.53,9.263800
2025-09-15,33.85889276,34.0787557,32.6796279,33.4791295,44353614,1475769551.85,5.350200
2025-09-16,33.05939116,35.33797072,32.95945346,33.1793164,49556276,1678932886.36,5.977700
2025-09-17,32.95945346,34.42853765,32.45976496,32.6796279,37729099,1251106795.36,4.551100
2025-09-18,32.02003908,34.16869963,31.50036304,32.59967774,43938711,1438886548.61,5.300100
2025-09-19,32.55970266,32.69961544,31.51035681,31.8801263,26235480,840448356.77,3.164700
2025-09-22,31.64027582,33.14933509,31.35045649,32.51972758,26770465,866690230.88,3.229200
2025-09-23,35.49787104,37.4766375,33.3791918,34.10873701,65284622,2321605516.6,7.875000
2025-09-24,33.4791295,34.32859995,31.83015745,33.30923541,47708438,1580789976.02,5.754800
2025-09-25,34.03878062,34.85826976,32.64964659,32.78955937,40739352,1367485394.17,4.914200
2025-09-26,31.99005777,32.50973381,30.7808116,30.81079291,32922011,1035881471.55,3.971200
2025-09-29,30.980687,33.15932886,30.97069323,32.26988333,34592912,1109049602.67,4.172800
2025-09-30,31.980064,32.49974004,31.0806247,31.21054371,29106150,922967710.33,3.510900
2025-10-09,31.49036927,32.979441,31.4803755,31.72022598,29525108,951414426.5,3.561500
2025-10-10,31.56032566,31.57031943,29.56157166,29.69149067,25789580,776433840.04,3.110900
2025-10-13,27.5828052,29.52159658,26.983179,29.43165265,16686272,480117162.51,2.012800
2025-10-14,29.74145952,30.0812477,28.00254354,28.12246878,19727832,572089263.73,2.379700
2025-10-15,28.15245009,28.93196415,27.57281143,28.81203891,15005063,425705537.82,1.810000
2025-10-16,28.45226319,28.45226319,27.81266191,28.04251862,12901773,362865666.76,1.556300
2025-10-17,27.8826183,28.14245632,26.86325376,26.90322884,13922651,380706798.89,1.679400
2025-10-20,27.37293603,28.16244386,27.21303571,27.62278028,15766060,436191595.11,1.901800
2025-10-21,27.63277405,28.82203268,27.29298587,28.76207006,20426403,576313615.23,2.463900
2025-10-22,28.37231303,30.19117917,28.19242517,29.0818707,30109336,887862589.99,3.631900
2025-10-23,28.4822445,29.37169003,27.90260584,28.2823691,19620966,557801174.11,2.366800
2025-10-24,28.73208875,30.74083652,28.23240025,30.25114179,36922178,1090647119.71,4.453700
2025-10-27,30.85076799,32.52972135,30.85076799,32.0800017,51025210,1626162949.18,6.154900
2025-10-28,31.2,33.78,31.0,33.24,55247984,1804593446.22,6.664300
2025-10-29,35.0,39.89,35.0,38.09,104330606,4017447660.54,12.584900
2025-10-30,38.02,39.65,37.86,38.38,81133598,3131029636.91,9.786700
2025-10-31,38.67,38.87,34.95,35.0,64763266,2334306485.28,7.812100
2025-11-03,34.5,34.5,32.8,33.61,42999777,1440612251.1,5.186800
2025-11-04,33.56,33.72,32.66,32.87,29374533,971525409.33,3.543300
2025-11-05,31.67,32.73,31.67,32.54,24943181,804864603.92,3.008800
2025-11-06,32.75,34.27,32.03,33.84,49983141,1660963935.27,6.029200
2025-11-07,33.1,34.46,32.29,33.48,39793585,1323891556.46,4.800100
2025-11-10,33.65,33.89,31.78,32.53,29806536,970160749.8,3.595400
2025-11-11,32.85,32.99,30.88,31.06,28678160,903557567.84,3.459300
2025-11-12,31.26,34.42,30.59,33.48,59459463,1922213352.79,7.172300
2025-11-13,33.03,35.6,32.88,34.06,67649281,2321727447.84,8.160200
2025-11-14,33.6,34.97,32.64,34.06,49062282,1668195859.22,5.918100
2025-11-17,33.55,35.34,33.41,33.72,43209203,1476560729.82,5.212100
2025-11-18,33.5,36.12,33.03,35.21,65287162,2298618222.26,7.875300
2025-11-19,34.33,34.77,31.0,31.87,58373641,1900411921.58,7.041300
2025-11-20,32.69,33.18,31.31,31.68,34872385,1123283396.69,4.206500
2025-11-21,29.69,30.44,28.33,28.33,34775169,1010516421.56,4.194800
2025-11-24,28.87,30.92,28.7,30.5,42095783,1256538752.0,5.077800
2025-11-25,31.21,33.24,31.21,31.89,41683189,1342016336.28,5.028000
2025-11-26,31.9,32.5,31.1,31.43,28398341,900401914.33,3.425500
2025-11-27,31.75,33.3,31.19,31.28,35751008,1149613043.14,4.312500
2025-11-28,30.84,31.55,30.6,31.1,23283240,723176254.32,2.808500
2025-12-01,32.02,32.5,31.33,31.78,34537866,1102979772.12,4.166100
2025-12-02,31.23,31.4,30.41,30.59,23068677,709385384.48,2.782700
2025-12-03,30.53,30.81,29.94,30.09,16246013,491424396.15,1.959700
2025-12-04,30.29,30.49,29.55,29.85,15178126,453569044.03,1.830900
2025-12-05,29.86,30.92,29.68,30.81,24370477,739995078.03,2.939700
2025-12-08,30.6,34.16,30.6,32.86,50213084,1642684040.22,6.057000
2025-12-09,32.85,34.18,32.52,33.53,40642553,1357198042.9,4.902500
2025-12-10,33.16,33.33,31.92,33.03,27645737,900806089.65,3.334800
2025-12-11,33.21,33.21,31.54,31.63,22194633,714572715.65,2.677200
2025-12-12,31.67,31.9,30.51,31.39,20208043,629492898.61,2.437600
2025-12-15,30.68,32.16,30.15,31.46,33283653,1037035906.61,4.014800
2025-12-16,31.33,31.79,30.09,30.64,24296734,745384595.95,2.930800
2025-12-17,30.79,33.3,30.7,33.29,56261753,1827402677.39,6.786600
2025-12-18,32.48,32.98,31.61,31.67,29868665,961373956.77,3.602900
2025-12-19,32.0,32.34,30.41,30.59,36349167,1122391894.6,4.384600
2025-12-22,30.75,32.65,30.59,32.17,41409517,1316023525.44,4.995000
2025-12-23,32.2,36.86,32.03,36.22,82644684,2911648902.49,9.969000
2025-12-24,36.55,37.68,36.0,37.2,53890596,1978478218.16,6.500600
2025-12-25,37.44,37.93,36.47,37.37,33234410,1234285796.83,4.008900
2025-12-26,37.48,37.93,36.6,37.3,42069621,1566532608.17,5.074600
2025-12-29,37.6,37.67,35.82,36.56,34425408,1258530447.31,4.152600
2025-12-30,35.4,36.27,35.21,35.74,24161179,864710482.25,2.914400
2025-12-31,35.45,35.98,34.1,34.28,27298415,947379422.04,3.292900
2026-01-05,34.72,35.48,34.13,35.38,33175317,1159129908.89,4.001800
2026-01-06,35.63,35.92,34.6,35.03,33255802,1170160559.38,4.011500
2026-01-07,34.64,35.76,34.49,35.28,33245061,1169535359.17,4.010200
2026-01-08,34.73,35.65,34.31,34.69,25720260,895582459.32,3.102500
2026-01-09,34.5,35.1,33.7,34.53,27842254,960981052.21,3.358500
2026-01-12,34.25,35.07,33.56,34.86,34009976,1172962770.76,4.102500
2026-01-13,34.73,34.93,32.88,33.02,31262926,1055381351.18,3.771100
2026-01-14,33.06,34.44,33.06,33.87,28521437,968155549.91,3.440400
2026-01-15,33.55,35.17,33.45,34.38,27610316,951304051.1,3.330500
2026-01-16,34.6,34.92,33.8,34.45,28282496,970864642.75,3.411600
2026-01-19,33.98,34.86,33.63,34.34,20168724,691756230.18,2.432900
2026-01-20,34.78,35.17,32.61,33.18,27650822,924458359.24,3.335400
2026-01-21,32.51,33.88,32.33,33.64,19573638,652497348.92,2.361100
2026-01-22,33.64,35.0,33.58,34.28,24336951,831412983.74,2.935600
2026-01-23,34.09,34.2,33.52,33.92,20881621,706368290.42,2.518800
2026-01-26,33.67,34.29,33.19,33.4,16763035,564005453.54,2.022000
2026-01-27,33.2,33.36,31.6,33.18,19494508,634606904.03,2.351500
2026-01-28,32.89,33.6,32.56,33.44,21108703,699480444.29,2.546200
2026-01-29,33.2,33.25,32.11,32.12,19223375,626934590.61,2.318800
2026-01-30,31.93,32.18,30.81,31.71,14447550,456875771.02,1.742700
2026-02-02,31.47,31.9,30.2,30.27,15328140,474448985.44,1.849000
2026-02-03,30.66,31.29,30.12,31.28,15752600,485732426.04,1.900200
2026-02-04,30.99,31.15,30.34,30.79,10911373,334652387.62,1.316200
2026-02-05,30.51,30.79,29.86,29.92,11010377,331648073.54,1.328100
2026-02-06,29.51,30.47,29.37,29.96,9751117,292867776.43,1.176200
2026-02-09,30.52,31.0,30.23,30.74,10282642,315288314.86,1.240300
2026-02-10,30.74,31.83,30.58,30.79,14578433,454434972.38,1.758500
2026-02-11,31.91,32.9,31.6,32.03,32995255,1064733129.49,3.980100
2026-02-12,32.0,38.44,31.78,36.96,108506837,3909179916.23,13.088600
2026-02-13,37.28,41.05,36.56,39.26,75824223,2950629077.64,9.146300
2026-02-24,41.5,45.99,41.21,44.95,54804758,2430120324.71,6.610800
2026-02-25,47.01,49.4,46.62,48.82,59049569,2856125893.89,7.122900
2026-02-26,46.83,49.96,46.83,49.85,47835556,2324940088.55,5.770200
2026-02-27,48.5,49.0,45.73,47.45,39241336,1836869791.73,4.733500
2026-03-02,49.0,51.05,47.74,48.76,43785553,2152754066.14,5.281600
2026-03-03,51.0,51.5,46.36,46.68,33695391,1619974622.14,4.064500
2026-03-04,46.68,47.8,45.0,45.89,26280553,1211368233.29,3.170100
2026-03-05,46.46,46.89,43.7,44.15,30346865,1360941835.21,3.660600
2026-03-06,43.99,44.54,42.36,42.85,23409176,1010817571.82,2.823700
2026-03-09,42.1,42.24,38.78,40.99,34354996,1373065887.98,4.144100
2026-03-10,40.68,44.65,40.68,43.69,33655614,1462658701.33,4.059700
2026-03-11,44.0,45.49,43.2,44.15,42775227,1898274047.02,5.159800
2026-03-12,44.03,45.98,41.93,42.3,30355027,1314339220.86,3.661600
2026-03-13,41.87,42.1,41.0,41.13,19518441,809279474.12,2.354400
2026-03-16,41.13,43.6,40.1,42.44,34438711,1437018180.5,4.154200
2026-03-17,42.8,44.0,39.78,39.85,40444186,1659787136.96,4.878600
2026-03-18,40.65,40.85,39.56,40.36,22947365,922450175.05,2.768000
2026-03-19,39.65,39.82,38.12,38.39,21666195,841949831.67,2.613500
2026-03-20,38.85,39.76,37.51,37.83,23941809,931994568.76,2.888000
2026-03-23,37.01,37.88,34.66,34.88,31169523,1119669717.83,3.759800
2026-03-24,35.92,36.8,34.0,36.61,25952649,918266640.77,3.130500
2026-03-25,37.31,38.96,36.71,37.57,26453649,1002101634.48,3.191000
2026-03-26,37.89,38.8,36.75,36.99,24501067,920882228.46,2.955400
2026-03-27,36.44,40.15,35.73,37.89,38173297,1449380320.79,4.604700
2026-03-30,37.5,39.58,37.38,38.98,40092611,1556434390.14,4.836200
2026-03-31,38.48,38.95,37.02,37.5,28088071,1059673669.25,3.388100
2026-04-01,38.55,39.74,37.66,38.6,38926315,1508327965.79,4.695500
2026-04-02,38.09,38.33,36.31,36.79,29168716,1085069117.54,3.518500
2026-04-03,37.0,37.87,36.1,36.14,23425848,866478006.43,2.825700
2026-04-07,37.63,42.0,37.49,40.81,61281905,2457291041.24,7.392100
2026-04-08,41.65,42.33,40.15,42.18,65300054,2706965194.45,7.876800
2026-04-09,41.0,43.78,40.54,43.05,63188362,2710480402.97,7.622100
2026-04-10,43.13,43.96,42.18,42.45,47632103,2047270230.14,5.745600
2026-04-13,41.26,46.37,41.25,45.65,58825889,2607912712.26,7.095900
2026-04-14,46.0,46.8,44.8,45.68,52568241,2396585452.47,6.341000
2026-04-15,45.8,48.78,44.55,45.16,57211500,2650428063.25,6.901100
2026-04-16,45.28,46.49,44.16,46.02,39480213,1793967728.39,4.762300
2026-04-17,45.11,48.87,45.11,47.54,45855954,2161507698.08,5.531400
2026-04-20,47.42,48.2,46.06,46.79,43183768,2034111694.93,5.209000
2026-04-21,46.27,50.88,46.2,49.34,59799610,2942300185.03,7.213300
2026-04-22,48.61,52.3,48.6,51.49,51070650,2566198637.93,6.160400
2026-04-23,51.1,51.8,47.9,48.28,40104411,1966393000.44,4.837600
2026-04-24,47.5,48.41,46.5,47.0,26328406,1242339474.17,3.175900
2026-04-27,47.83,53.5,47.56,51.31,49444110,2532018107.87,5.964200
2026-04-28,53.99,61.57,52.34,59.15,67045657,3812297648.89,8.087400
2026-04-29,57.97,70.98,57.89,70.98,77959778,4999915810.16,9.403900
2026-04-30,72.32,82.49,70.0,78.34,76374368,5675071862.24,9.212700
2026-05-06,78.55,92.5,75.3,88.55,70563119,5792698613.35,8.511700
2026-05-07,85.0,89.71,82.44,86.8,55448159,4759939729.76,6.688400
2026-05-08,85.48,90.8,85.0,88.54,45027911,3997675671.57,5.431500
2026-05-11,87.6,88.93,85.0,87.1,46197110,4004692201.51,5.572500
2026-05-12,87.1,96.0,84.08,94.51,61797082,5590078328.75,7.454300
2026-05-13,90.0,103.96,88.5,99.01,55506715,5320778474.56,6.695500
2026-05-14,95.0,96.0,84.18,85.88,51277111,4553271376.08,6.185300
2026-05-15,84.66,88.89,80.1,83.2,39027197,3293137137.58,4.707700
2026-05-18,83.14,88.78,80.5,87.11,33332734,2866605310.53,4.020800
