symbol,name,score,rank,top_factors,sector,reason,j_low,pct_calm,amplitude,trend_gap,dif,vol_shrink,yangyin,surge,ql_pos,bowl,washout_recover,ma_bull,weekly_cross,ml_score,sig_b1,sig_volume_b1,sig_zhixing,close,pct_change,yellow_line,above_yellow,float_mv_yi,concepts,sector_score,strict_signal,strategies
300163,,100.0,1,"j_low(+0.48), vol_shrink(+0.22), yangyin(+0.21)",建筑建材,"j_low(+0.48), vol_shrink(+0.22), yangyin(+0.21)",0.9569,1.0,0.7051,1.0,1.0,0.7857,0.8041,0.9,1.0,0.0,0.0,1.0,1.0,0.3102,True,False,False,6.22,-1.74,5.57,True,28.4,专精特新,18.0,True,B1+周线金叉
600578,,98.59,2,"j_low(+0.50), yangyin(+0.18), surge(+0.17)",电力行业,"j_low(+0.50), yangyin(+0.18), surge(+0.17)",1.0,0.8787,0.5973,1.0,1.0,0.4402,0.7601,0.9,1.0,1.0,0.0,0.0,1.0,0.4243,False,True,False,7.49,-3.73,7.23,True,50142.7,低碳经济/风能概念/业绩预升,42.1,True,量能B1+周线金叉
300922,,97.08,3,"j_low(+0.49), yangyin(+0.33), vol_shrink(+0.11)",,"j_low(+0.49), yangyin(+0.33), vol_shrink(+0.11)",0.9753,1.0,0.7334,1.0,1.0,0.5642,0.9986,0.6,1.0,0.0,0.0,1.0,1.0,0.2973,True,False,False,23.78,0.08,21.95,True,2964.7,专精特新,,True,B1+周线金叉
300964,,92.05,4,"j_low(+0.50), vol_shrink(+0.17), trend_gap(+0.11)",,"j_low(+0.50), vol_shrink(+0.17), trend_gap(+0.11)",1.0,1.0,0.4301,1.0,1.0,0.6724,0.5813,0.6,0.973,1.0,0.0,0.5,0.7,0.3888,True,False,False,87.31,-2.57,85.65,True,4890.2,专精特新,,True,B1
002608,,90.23,5,"j_low(+0.50), trend_gap(+0.11), ql_pos(-0.10)",船舶制造,"j_low(+0.50), trend_gap(+0.11), ql_pos(-0.10)",1.0,1.0,0.7025,1.0,1.0,0.4717,0.6143,0.6,0.7561,1.0,1.0,0.5,1.0,0.3708,True,False,False,8.76,0.23,8.64,True,331.0,固态电池/ST板块/海工装备,15.3,True,B1+周线金叉
603725,,88.9,6,"j_low(+0.47), ml_score(+0.22), surge(+0.20)",,"j_low(+0.47), ml_score(+0.22), surge(+0.20)",0.9406,1.0,0.586,1.0,1.0,0.5424,0.3051,1.0,0.6859,1.0,0.0,0.5,1.0,0.4535,True,False,False,10.88,-2.07,10.84,True,3118.8,专精特新,,True,B1+周线金叉
603031,,88.33,7,"j_low(+0.50), ml_score(+0.26), vol_shrink(+0.19)",,"j_low(+0.50), ml_score(+0.26), vol_shrink(+0.19)",1.0,1.0,0.5956,1.0,1.0,0.7222,0.3666,0.0,1.0,1.0,0.0,0.5,0.7,0.4704,True,False,False,50.83,-1.49,48.91,True,15980.5,,,True,B1
000700,,88.05,8,"j_low(+0.45), surge(+0.20), trend_gap(+0.11)",汽车制造,"j_low(+0.45), surge(+0.20), trend_gap(+0.11)",0.9065,1.0,0.6546,1.0,1.0,0.5246,0.4631,1.0,0.8993,1.0,0.0,0.5,1.0,0.3237,True,False,False,14.4,-1.84,14.2,True,132.2,民营医院/业绩预升,18.0,True,B1+周线金叉
301030,,87.23,9,"j_low(+0.27), yangyin(+0.26), vol_shrink(+0.24)",,"j_low(+0.27), yangyin(+0.26), vol_shrink(+0.24)",0.606,1.0,0.7489,0.8764,1.0,0.8389,0.8819,0.6,0.7009,1.0,0.0,0.5,1.0,0.3483,True,False,False,12.72,1.92,12.31,True,2570.8,,,True,B1+周线金叉
002655,,87.17,10,"j_low(+0.44), ml_score(+0.28), vol_shrink(+0.26)",电子器件,"j_low(+0.44), ml_score(+0.28), vol_shrink(+0.26)",0.8956,1.0,0.5438,1.0,1.0,0.8735,0.38,0.0,1.0,1.0,0.0,0.0,0.7,0.4825,True,False,False,33.2,-2.06,30.96,True,120.5,无线耳机/小米概念/黄河三角,39.8,True,B1
002957,,87.01,11,"j_low(+0.50), vol_shrink(+0.22), trend_gap(+0.11)",,"j_low(+0.50), vol_shrink(+0.22), trend_gap(+0.11)",1.0,1.0,0.4602,1.0,1.0,0.7876,0.3767,0.3,1.0,1.0,0.0,0.5,0.7,0.3873,True,False,False,50.35,-2.93,47.28,True,21080.5,,,True,B1
002885,,86.59,12,"j_low(+0.46), vol_shrink(+0.27), ml_score(+0.20)",,"j_low(+0.46), vol_shrink(+0.27), ml_score(+0.20)",0.9317,1.0,0.5846,1.0,1.0,0.884,0.4994,0.0,0.7962,1.0,0.0,0.0,1.0,0.4404,True,False,False,37.52,-2.6,37.36,True,8901.8,光伏概念/华为概念,,True,B1+周线金叉
601138,,86.17,13,"j_low(+0.50), vol_shrink(+0.22), trend_gap(+0.11)",,"j_low(+0.50), vol_shrink(+0.22), trend_gap(+0.11)",1.0,1.0,0.7833,1.0,1.0,0.7799,0.3879,0.3,1.0,1.0,0.0,0.5,0.7,0.3402,True,False,False,70.13,0.88,67.09,True,1391666.2,,,True,B1
300745,,85.85,14,"j_low(+0.50), vol_shrink(+0.23), trend_gap(+0.11)",,"j_low(+0.50), vol_shrink(+0.23), trend_gap(+0.11)",1.0,1.0,0.7593,1.0,1.0,0.8144,0.5965,0.3,1.0,1.0,0.0,0.0,0.7,0.2926,True,False,False,40.47,0.1,39.44,True,5756.0,,,True,B1
603890,,84.64,15,"j_low(+0.50), ml_score(+0.18), trend_gap(+0.11)",,"j_low(+0.50), ml_score(+0.18), trend_gap(+0.11)",1.0,1.0,0.6491,1.0,1.0,0.4443,0.3436,0.3,1.0,1.0,0.0,0.5,0.7,0.4309,True,False,False,22.84,0.18,21.78,True,10205.1,,,True,B1
000899,,84.02,16,"j_low(+0.37), vol_shrink(+0.19), yangyin(+0.17)",电力行业,"j_low(+0.37), vol_shrink(+0.19), yangyin(+0.17)",0.7793,0.9015,0.6565,0.7636,0.4853,0.7178,0.7445,0.9,0.7262,1.0,1.0,0.5,1.0,0.3471,False,True,False,13.27,3.59,13.24,True,129.5,光伏/核电核能/业绩预升,42.1,True,量能B1+周线金叉
600011,,83.88,17,"j_low(+0.50), yangyin(+0.13), surge(-0.12)",电力行业,"j_low(+0.50), yangyin(+0.13), surge(-0.12)",1.0,1.0,0.8123,1.0,1.0,0.5318,0.6767,0.0,0.8124,1.0,0.0,0.5,1.0,0.3403,True,False,False,8.05,-1.47,7.84,True,885.3,碳中和/光伏/低碳经济,42.1,True,B1+周线金叉
688001,,83.12,18,"j_low(+0.50), vol_shrink(+0.23), ml_score(+0.21)",,"j_low(+0.50), vol_shrink(+0.23), ml_score(+0.21)",1.0,1.0,0.4778,1.0,1.0,0.8015,0.2615,0.0,1.0,1.0,0.0,0.0,0.7,0.447,True,False,False,58.74,-2.1,57.57,True,26855.4,科创50,,True,B1
600188,,82.68,19,"j_low(+0.44), yangyin(-0.12), trend_gap(+0.11)",煤炭行业,"j_low(+0.44), yangyin(-0.12), trend_gap(+0.11)",0.8986,1.0,0.6999,1.0,1.0,0.5112,0.2746,0.6,1.0,1.0,0.0,0.5,0.7,0.3791,True,False,False,22.95,-0.65,21.46,True,136813.0,低碳经济/含H股/融资融券,61.5,True,B1
000767,,82.43,20,"j_low(+0.50), vol_shrink(+0.20), surge(-0.12)",电力行业,"j_low(+0.50), vol_shrink(+0.20), surge(-0.12)",1.0,1.0,0.6688,1.0,1.0,0.7372,0.4236,0.0,0.842,1.0,1.0,0.5,0.7,0.3591,True,False,False,4.65,0.43,4.63,True,135.4,碳中和/碳交易/光伏概念,42.1,True,B1
688585,,82.11,21,"j_low(+0.50), vol_shrink(+0.20), surge(-0.12)",,"j_low(+0.50), vol_shrink(+0.20), surge(-0.12)",0.9915,1.0,0.6959,1.0,1.0,0.7363,0.3975,0.0,0.9006,1.0,0.0,0.0,1.0,0.375,True,False,False,156.43,-1.43,154.59,True,63097.9,,,True,B1+周线金叉
002851,,81.7,22,"j_low(+0.40), trend_gap(+0.11), yangyin(-0.09)",,"j_low(+0.40), trend_gap(+0.11), yangyin(-0.09)",0.8319,1.0,0.55,1.0,1.0,0.4957,0.3209,0.6,1.0,1.0,0.0,0.5,1.0,0.3474,True,False,False,135.24,-2.99,128.03,True,619.5,光伏,,True,B1+周线金叉
300478,,81.29,23,"j_low(+0.48), vol_shrink(+0.24), trend_gap(+0.11)",,"j_low(+0.48), vol_shrink(+0.24), trend_gap(+0.11)",0.9634,1.0,0.6927,1.0,1.0,0.8217,0.4118,0.3,1.0,1.0,0.0,0.0,0.7,0.2969,True,False,False,38.6,-0.05,36.13,True,4889.6,,,True,B1
601126,,80.67,24,"j_low(+0.40), ml_score(+0.21), vol_shrink(+0.20)",发电设备,"j_low(+0.40), ml_score(+0.21), vol_shrink(+0.20)",0.8247,1.0,0.7396,1.0,1.0,0.753,0.2762,0.0,1.0,1.0,0.0,0.0,0.7,0.4458,True,False,False,67.18,0.16,64.76,True,55429.2,光伏/军民融合/社保重仓,34.0,True,B1
603115,,80.31,25,"j_low(+0.50), vol_shrink(+0.16), surge(-0.12)",,"j_low(+0.50), vol_shrink(+0.16), surge(-0.12)",1.0,1.0,0.5492,1.0,1.0,0.6635,0.389,0.0,1.0,1.0,0.0,0.0,0.7,0.3854,True,False,False,90.12,-2.03,77.24,True,21799.2,专精特新,,True,B1
301603,,80.23,26,"j_low(+0.48), vol_shrink(+0.27), surge(-0.12)",,"j_low(+0.48), vol_shrink(+0.27), surge(-0.12)",0.9542,1.0,0.6192,1.0,1.0,0.8947,0.3476,0.0,1.0,1.0,0.0,0.0,0.7,0.3461,True,False,False,121.76,-0.51,114.96,True,4594.3,,,True,B1
000711,,79.51,27,"j_low(+0.38), vol_shrink(+0.22), yangyin(-0.15)",电子信息,"j_low(+0.38), vol_shrink(+0.22), yangyin(-0.15)",0.7946,1.0,0.6715,1.0,1.0,0.7823,0.2386,0.3,1.0,1.0,1.0,0.0,0.7,0.3602,True,False,False,5.5,0.36,5.13,True,131.0,涉矿概念,14.0,True,B1
001289,,79.35,28,"j_low(+0.50), vol_shrink(+0.16), ql_pos(-0.15)",,"j_low(+0.50), vol_shrink(+0.16), ql_pos(-0.15)",1.0,1.0,0.794,0.8825,1.0,0.669,0.509,0.0,0.6685,1.0,0.0,0.5,1.0,0.3731,True,False,False,17.63,-0.96,17.53,True,888.7,碳中和,,True,B1+周线金叉
000887,,78.7,29,"j_low(+0.45), surge(+0.17), ql_pos(-0.15)",化工行业,"j_low(+0.45), surge(+0.17), ql_pos(-0.15)",0.9025,1.0,0.6227,0.8135,1.0,0.2709,0.4306,0.9,0.6784,1.0,0.0,1.0,1.0,0.3633,True,False,False,20.33,-2.49,20.04,True,267.2,皖江区域/汽车电子/保险重仓,39.1,True,B1+周线金叉
002975,,78.59,30,"j_low(+0.50), vol_shrink(+0.14), trend_gap(+0.11)",,"j_low(+0.50), vol_shrink(+0.14), trend_gap(+0.11)",1.0,1.0,0.4933,1.0,1.0,0.6105,0.3512,0.3,1.0,1.0,0.0,0.5,0.7,0.2989,True,False,False,121.37,-1.02,106.34,True,16670.7,,,True,B1
