symbol,name,event_date,note
300283,温州宏丰,,
603345,安井食品,,
300671,富满微,,
002475,立讯精密,,
600641,先导基电,,
600184,光电股份,,
002705,新宝股份,,
300858,科拓生物,,
603819,神力股份,,
002947,恒铭达,,
300782,卓胜微,,
300903,科翔股份,,
300069,金利华电,,
301282,金禄电子,,
603618,杭电股份,,案例20260517
605318,法狮龙,,案例20260517
603016,新宏泰,,案例20260517
301526,国际复材,,案例20260517
300706,阿石创,,案例20260517
300571,平治信息,,案例20260517
301217,铜冠铜箔,,案例20260517
301285,鸿日达,,案例20260517
301093,华兰股份,,案例20260517
600487,亨通光电,,案例20260517
601869,长飞光纤,,案例20260517
002940,昂利康,,案例20260517
301076,新瀚新材,,案例20260517
605378,野马电池,,案例20260517
002074,国轩高科,,案例20260517
300689,澄天伟业,,案例20260517
600601,方正科技,,案例20260517
688321,微芯生物,,案例20260517
688799,华纳药厂,,案例20260517
600366,宁波韵升,,案例20260517
300390,天华新能,,案例20260517
603933,睿能科技,,案例20260517
920807,奔朗新材,,案例20260517
605198,安德利,,案例20260517
601778,晶科科技,,案例20260517
601888,中国中免,,案例20260517
000547,航天发展,,案例20260517
300503,昊志机电,,案例20260517
603667,五洲新春,,案例20260517
002943,宇晶股份,,案例20260517
003041,真爱美家,,案例20260517
600674,川投能源,,案例20260517
